position,driver_number,lap_duration,meeting_key,session_key
1,1,89.179,1229,9468
2,16,89.407,1229,9468
3,63,89.485,1229,9468
4,55,89.507,1229,9468
5,11,89.537,1229,9468
6,14,89.542,1229,9468
7,4,89.614,1229,9468
8,81,89.683,1229,9468
9,44,89.71,1229,9468
10,27,90.502,1229,9468
11,22,90.129,1229,9468
12,18,90.2,1229,9468
13,23,90.221,1229,9468
14,3,90.278,1229,9468
15,20,90.529,1229,9468
16,77,90.756,1229,9468
17,24,90.757,1229,9468
18,2,90.77,1229,9468
19,31,90.793,1229,9468
20,10,90.948,1229,9468
1,1,87.472,1230,9476
2,16,87.791,1230,9476
3,11,87.807,1230,9476
4,14,87.846,1230,9476
5,81,88.089,1230,9476
6,4,88.132,1230,9476
7,63,88.316,1230,9476
8,44,88.46,1230,9476
9,22,88.547,1230,9476
10,18,88.572,1230,9476
11,38,88.642,1230,9476
12,23,88.98,1230,9476
13,20,89.02,1230,9476
14,3,89.025,1230,9476
15,27,,1230,9476
16,77,89.179,1230,9476
17,31,89.475,1230,9476
18,10,89.479,1230,9476
19,2,89.526,1230,9476
20,24,,1230,9476
1,1,75.915,1231,9484
2,55,76.185,1231,9484
3,4,76.315,1231,9484
4,16,76.435,1231,9484
5,81,76.572,1231,9484
6,11,76.274,1231,9484
7,63,76.724,1231,9484
8,22,76.788,1231,9484
9,18,77.072,1231,9484
10,14,77.552,1231,9484
11,44,76.96,1231,9484
12,23,77.167,1231,9484
13,77,77.34,1231,9484
14,20,77.427,1231,9484
15,31,77.697,1231,9484
16,27,77.976,1231,9484
17,10,77.982,1231,9484
18,3,78.085,1231,9484
19,24,78.188,1231,9484
1,1,88.197,1232,9492
2,11,88.263,1232,9492
3,4,88.489,1232,9492
4,55,88.682,1232,9492
5,14,88.686,1232,9492
6,81,88.76,1232,9492
7,44,88.766,1232,9492
8,16,88.786,1232,9492
9,63,89.008,1232,9492
10,22,89.413,1232,9492
11,3,89.472,1232,9492
12,27,89.494,1232,9492
13,77,89.593,1232,9492
14,23,89.714,1232,9492
15,31,89.816,1232,9492
16,18,90.024,1232,9492
17,10,90.119,1232,9492
18,20,90.131,1232,9492
19,2,90.139,1232,9492
20,24,90.143,1232,9492
1,1,87.241,1234,9498
2,16,87.382,1234,9498
3,55,87.455,1234,9498
4,11,87.46,1234,9498
5,4,87.594,1234,9498
6,81,87.675,1234,9498
7,63,88.067,1234,9498
8,44,88.107,1234,9498
9,27,88.146,1234,9498
10,22,88.192,1234,9498
11,18,88.222,1234,9498
12,10,88.324,1234,9498
13,31,88.371,1234,9498
14,23,88.413,1234,9498
15,14,88.427,1234,9498
16,77,88.463,1234,9498
17,2,88.487,1234,9498
18,20,88.619,1234,9498
19,24,88.824,1234,9498
20,3,88.617,1234,9498
1,1,87.641,1234,9502
2,16,87.749,1234,9502
3,11,87.876,1234,9502
4,3,88.044,1234,9502
5,55,88.103,1234,9502
6,81,88.161,1234,9502
7,18,88.375,1234,9502
8,14,88.419,1234,9502
9,4,88.472,1234,9502
10,27,88.476,1234,9502
11,63,88.343,1234,9502
12,44,88.371,1234,9502
13,31,88.379,1234,9502
14,20,88.614,1234,9502
15,22,,1234,9502
16,10,89.185,1234,9502
17,24,89.267,1234,9502
18,2,89.551,1234,9502
19,77,89.36,1234,9502
20,23,89.858,1234,9502
1,1,74.746,1235,9511
2,4,74.837,1235,9511
3,16,74.97,1235,9511
4,55,75.233,1235,9511
5,81,74.82,1235,9511
6,63,75.234,1235,9511
7,22,75.465,1235,9511
8,44,75.504,1235,9511
9,3,75.674,1235,9511
10,27,75.98,1235,9511
11,11,75.706,1235,9511
12,31,75.906,1235,9511
13,18,75.992,1235,9511
14,23,76.2,1235,9511
15,10,76.381,1235,9511
16,77,76.626,1235,9511
17,24,76.834,1235,9511
18,20,76.854,1235,9511
19,2,,1235,9511
20,14,76.917,1235,9511
1,16,70.27,1236,9519
2,81,70.424,1236,9519
3,55,70.518,1236,9519
4,4,70.542,1236,9519
5,63,70.543,1236,9519
6,1,70.567,1236,9519
7,44,70.621,1236,9519
8,22,70.858,1236,9519
9,23,70.948,1236,9519
10,10,71.311,1236,9519
11,31,71.285,1236,9519
12,3,71.482,1236,9519
13,18,71.563,1236,9519
14,14,72.019,1236,9519
15,2,72.02,1236,9519
16,11,72.06,1236,9519
17,77,72.512,1236,9519
18,24,73.028,1236,9519
19,27,,1236,9519
20,20,,1236,9519
1,63,72.0,1237,9527
2,1,72.0,1237,9527
3,4,72.021,1237,9527
4,81,72.103,1237,9527
5,3,72.178,1237,9527
6,14,72.228,1237,9527
7,44,72.28,1237,9527
8,22,72.414,1237,9527
9,18,72.701,1237,9527
10,23,72.796,1237,9527
11,16,72.691,1237,9527
12,55,72.728,1237,9527
13,2,72.736,1237,9527
14,20,72.916,1237,9527
15,10,72.94,1237,9527
16,11,73.326,1237,9527
17,27,73.978,1237,9527
18,31,73.435,1237,9527
19,77,73.366,1237,9527
20,24,74.292,1237,9527
1,4,71.383,1238,9535
2,1,71.403,1238,9535
3,44,71.701,1238,9535
4,63,71.703,1238,9535
5,16,71.731,1238,9535
6,55,71.736,1238,9535
7,10,71.857,1238,9535
8,31,72.125,1238,9535
9,81,,1238,9535
10,14,72.128,1238,9535
11,11,72.061,1238,9535
12,77,72.227,1238,9535
13,27,72.31,1238,9535
14,18,72.372,1238,9535
15,24,72.738,1238,9535
16,20,72.937,1238,9535
17,22,72.985,1238,9535
18,3,73.075,1238,9535
19,2,73.509,1238,9535
20,23,73.153,1238,9535
1,1,64.314,1239,9541
2,4,64.718,1239,9541
3,63,64.84,1239,9541
4,55,64.851,1239,9541
5,44,64.903,1239,9541
6,16,65.044,1239,9541
7,81,65.048,1239,9541
8,11,65.202,1239,9541
9,27,65.385,1239,9541
10,31,65.883,1239,9541
11,3,65.289,1239,9541
12,20,65.347,1239,9541
13,10,65.359,1239,9541
14,22,65.412,1239,9541
15,14,65.639,1239,9541
16,23,65.736,1239,9541
17,18,65.819,1239,9541
18,77,65.847,1239,9541
19,2,65.856,1239,9541
20,24,66.061,1239,9541
1,1,64.686,1239,9545
2,4,64.779,1239,9545
3,81,64.987,1239,9545
4,63,65.054,1239,9545
5,55,65.126,1239,9545
6,44,65.27,1239,9545
7,11,66.008,1239,9545
8,31,66.101,1239,9545
9,10,66.624,1239,9545
10,16,,1239,9545
11,20,65.806,1239,9545
12,18,65.847,1239,9545
13,14,65.878,1239,9545
14,22,65.96,1239,9545
15,2,,1239,9545
16,3,66.581,1239,9545
17,27,66.583,1239,9545
18,77,66.725,1239,9545
19,24,67.197,1239,9545
20,23,66.754,1239,9545
1,63,85.819,1240,9554
2,44,85.99,1240,9554
3,4,86.03,1240,9554
4,1,86.203,1240,9554
5,81,86.237,1240,9554
6,27,86.338,1240,9554
7,55,86.509,1240,9554
8,18,86.585,1240,9554
9,23,86.64,1240,9554
10,14,86.917,1240,9554
11,16,87.097,1240,9554
12,2,87.175,1240,9554
13,22,87.269,1240,9554
14,24,87.867,1240,9554
15,3,87.949,1240,9554
16,77,92.431,1240,9554
17,20,92.905,1240,9554
18,31,94.557,1240,9554
19,11,98.348,1240,9554
20,10,99.804,1240,9554
1,4,75.227,1241,9562
2,81,75.249,1241,9562
3,1,75.273,1241,9562
4,55,75.696,1241,9562
5,44,75.854,1241,9562
6,16,75.905,1241,9562
7,14,76.043,1241,9562
8,18,76.244,1241,9562
9,3,76.447,1241,9562
10,22,76.477,1241,9562
11,27,76.317,1241,9562
12,77,76.384,1241,9562
13,23,76.429,1241,9562
14,2,76.543,1241,9562
15,20,76.548,1241,9562
16,11,77.886,1241,9562
17,63,77.968,1241,9562
18,24,78.037,1241,9562
19,31,78.049,1241,9562
20,10,78.166,1241,9562
1,16,113.754,1242,9570
2,11,113.765,1242,9570
3,44,113.835,1242,9570
4,4,113.981,1242,9570
5,81,114.027,1242,9570
6,63,114.184,1242,9570
7,55,114.477,1242,9570
8,14,114.765,1242,9570
9,31,114.81,1242,9570
10,23,114.473,1242,9570
11,1,113.159,1242,9570
12,10,114.635,1242,9570
13,3,114.682,1242,9570
14,77,114.764,1242,9570
15,18,115.716,1242,9570
16,27,116.308,1242,9570
17,20,116.5,1242,9570
18,2,117.23,1242,9570
19,24,117.775,1242,9570
20,22,116.593,1242,9570
1,4,69.673,1243,9578
2,1,70.029,1243,9578
3,81,70.172,1243,9578
4,63,70.244,1243,9578
5,11,70.416,1243,9578
6,16,70.582,1243,9578
7,14,70.633,1243,9578
8,18,70.857,1243,9578
9,10,70.977,1243,9578
10,55,70.914,1243,9578
11,22,70.955,1243,9578
12,27,71.215,1243,9578
13,3,71.943,1243,9578
14,44,70.948,1243,9578
15,31,71.995,1243,9578
16,77,72.168,1243,9578
17,24,73.261,1243,9578
18,2,,1243,9578
19,23,,1243,9578
20,20,71.295,1243,9578
1,4,79.327,1244,9586
2,81,79.436,1244,9586
3,63,79.44,1244,9586
4,16,79.461,1244,9586
5,55,79.467,1244,9586
6,44,79.513,1244,9586
7,1,80.022,1244,9586
8,11,80.062,1244,9586
9,23,80.299,1244,9586
10,27,80.339,1244,9586
11,14,80.421,1244,9586
12,3,80.479,1244,9586
13,20,80.698,1244,9586
14,10,80.738,1244,9586
15,31,80.766,1244,9586
16,22,80.945,1244,9586
17,18,81.013,1244,9586
18,43,81.061,1244,9586
19,77,81.101,1244,9586
20,24,81.445,1244,9586
1,16,101.365,1245,9594
2,81,101.686,1245,9594
3,55,101.805,1245,9594
4,11,101.813,1245,9594
5,63,101.874,1245,9594
6,1,102.023,1245,9594
7,14,102.369,1245,9594
8,43,102.53,1245,9594
9,23,102.859,1245,9594
10,50,102.968,1245,9594
11,22,103.035,1245,9594
12,27,103.191,1245,9594
13,18,103.404,1245,9594
14,3,103.547,1245,9594
15,4,103.609,1245,9594
16,77,103.618,1245,9594
17,24,104.246,1245,9594
18,10,,1245,9594
19,44,102.289,1245,9594
20,31,104.504,1245,9594
1,4,89.525,1246,9602
2,1,89.728,1246,9602
3,44,89.841,1246,9602
4,63,89.867,1246,9602
5,81,89.953,1246,9602
6,27,90.115,1246,9602
7,14,90.214,1246,9602
8,22,90.354,1246,9602
9,16,,1246,9602
10,55,,1246,9602
11,23,90.474,1246,9602
12,43,90.481,1246,9602
13,11,90.579,1246,9602
14,20,90.653,1246,9602
15,31,90.769,1246,9602
16,3,91.085,1246,9602
17,18,91.094,1246,9602
18,10,91.312,1246,9602
19,77,91.572,1246,9602
20,24,92.054,1246,9602
1,4,92.33,1247,9608
2,1,92.361,1247,9608
3,55,92.652,1247,9608
4,16,92.74,1247,9608
5,81,92.95,1247,9608
6,10,93.018,1247,9608
7,14,93.309,1247,9608
8,20,93.481,1247,9608
9,11,,1247,9608
10,22,93.506,1247,9608
11,27,93.544,1247,9608
12,31,93.597,1247,9608
13,18,93.759,1247,9608
14,23,94.051,1247,9608
15,43,94.062,1247,9608
16,77,94.152,1247,9608
17,44,94.154,1247,9608
18,24,94.228,1247,9608
19,30,,1247,9608
20,63,92.974,1247,9608
1,1,92.833,1247,9612
2,63,92.845,1247,9612
3,16,93.059,1247,9612
4,4,93.083,1247,9612
5,55,93.089,1247,9612
6,27,93.183,1247,9612
7,44,93.378,1247,9612
8,20,93.398,1247,9612
9,22,93.802,1247,9612
10,43,94.406,1247,9612
11,11,94.244,1247,9612
12,10,94.363,1247,9612
13,18,,1247,9612
14,14,,1247,9612
15,30,,1247,9612
16,81,94.881,1247,9612
17,31,94.917,1247,9612
18,77,95.148,1247,9612
19,24,96.472,1247,9612
20,23,95.054,1247,9612
1,55,75.946,1248,9621
2,1,76.171,1248,9621
3,4,76.26,1248,9621
4,16,76.265,1248,9621
5,63,76.356,1248,9621
6,44,76.651,1248,9621
7,20,76.886,1248,9621
8,10,76.892,1248,9621
9,23,77.065,1248,9621
10,27,77.365,1248,9621
11,22,77.129,1248,9621
12,30,77.162,1248,9621
13,14,77.168,1248,9621
14,18,77.294,1248,9621
15,77,77.817,1248,9621
16,43,77.558,1248,9621
17,81,77.597,1248,9621
18,11,77.611,1248,9621
19,24,78.072,1248,9621
20,31,77.617,1248,9621
1,4,83.405,1249,9627
2,63,83.578,1249,9627
3,22,84.111,1249,9627
4,31,84.475,1249,9627
5,30,84.484,1249,9627
6,16,84.525,1249,9627
7,23,84.657,1249,9627
8,81,84.686,1249,9627
9,14,88.998,1249,9627
10,18,,1249,9627
11,77,86.472,1249,9627
12,11,88.158,1249,9627
13,10,89.614,1249,9627
14,44,91.15,1249,9627
15,50,91.229,1249,9627
16,43,91.27,1249,9627
17,1,87.771,1249,9627
18,27,91.623,1249,9627
19,24,92.263,1249,9627
20,55,89.406,1249,9627
1,81,68.899,1249,9631
2,4,68.928,1249,9631
3,16,69.153,1249,9631
4,1,69.219,1249,9631
5,55,69.257,1249,9631
6,63,69.443,1249,9631
7,10,69.622,1249,9631
8,30,69.941,1249,9631
9,23,70.078,1249,9631
10,50,,1249,9631
11,44,69.941,1249,9631
12,27,69.964,1249,9631
13,11,70.024,1249,9631
14,43,70.275,1249,9631
15,77,70.595,1249,9631
16,31,71.052,1249,9631
17,22,71.121,1249,9631
18,14,70.978,1249,9631
19,18,71.28,1249,9631
20,24,72.978,1249,9631
1,63,92.312,1250,9640
2,55,92.41,1250,9640
3,10,92.664,1250,9640
4,16,92.783,1250,9640
5,1,92.797,1250,9640
6,4,93.008,1250,9640
7,22,93.029,1250,9640
8,81,93.033,1250,9640
9,27,93.062,1250,9640
10,44,108.106,1250,9640
11,31,93.221,1250,9640
12,20,93.297,1250,9640
13,24,93.566,1250,9640
14,30,94.257,1250,9640
15,11,94.155,1250,9640
16,14,94.258,1250,9640
17,23,94.425,1250,9640
18,18,94.484,1250,9640
19,77,94.43,1250,9640
20,43,93.749,1250,9640
1,63,80.575,1251,9646
2,1,80.52,1251,9646
3,4,80.772,1251,9646
4,81,80.829,1251,9646
5,16,80.852,1251,9646
6,44,81.011,1251,9646
7,55,81.041,1251,9646
8,14,81.251,1251,9646
9,11,81.425,1251,9646
10,20,81.5,1251,9646
11,10,81.437,1251,9646
12,24,81.501,1251,9646
13,77,81.731,1251,9646
14,22,81.771,1251,9646
15,18,81.911,1251,9646
16,23,82.39,1251,9646
17,30,82.411,1251,9646
18,27,82.442,1251,9646
19,43,82.594,1251,9646
20,31,82.714,1251,9646
1,4,81.012,1251,9650
2,63,81.075,1251,9650
3,81,81.171,1251,9650
4,55,81.281,1251,9650
5,16,81.308,1251,9650
6,1,81.315,1251,9650
7,44,81.474,1251,9650
8,10,81.978,1251,9650
9,27,82.088,1251,9650
10,30,82.577,1251,9650
11,14,82.433,1251,9650
12,23,82.526,1251,9650
13,77,82.538,1251,9650
14,18,82.599,1251,9650
15,20,82.738,1251,9650
16,22,82.722,1251,9650
17,31,82.906,1251,9650
18,24,82.948,1251,9650
19,11,82.718,1251,9650
20,43,83.423,1251,9650
1,4,82.595,1252,9658
2,81,82.804,1252,9658
3,55,82.824,1252,9658
4,1,82.945,1252,9658
5,10,82.984,1252,9658
6,63,83.132,1252,9658
7,27,82.886,1252,9658
8,14,83.196,1252,9658
9,77,83.204,1252,9658
10,11,83.264,1252,9658
11,22,83.419,1252,9658
12,30,83.472,1252,9658
13,18,83.784,1252,9658
14,20,83.877,1252,9658
15,24,83.88,1252,9658
16,44,83.887,1252,9658
17,61,84.105,1252,9658
18,23,83.821,1252,9658
19,16,83.833,1252,9658
20,43,83.912,1252,9658
1,1,93.66,1233,9664
2,11,93.982,1233,9664
3,14,94.148,1233,9664
4,4,94.165,1233,9664
5,81,94.273,1233,9664
6,16,94.289,1233,9664
7,55,94.297,1233,9664
8,63,94.433,1233,9664
9,27,94.604,1233,9664
10,77,94.665,1233,9664
11,18,94.838,1233,9664
12,3,94.934,1233,9664
13,31,95.223,1233,9664
14,23,95.241,1233,9664
15,10,95.463,1233,9664
16,24,95.505,1233,9664
17,20,95.516,1233,9664
18,44,95.573,1233,9664
19,22,95.746,1233,9664
20,2,96.358,1233,9664
1,4,117.94,1233,9668
2,44,119.201,1233,9668
3,14,119.915,1233,9668
4,1,120.028,1233,9668
5,55,120.214,1233,9668
6,11,120.375,1233,9668
7,16,120.566,1233,9668
8,81,120.99,1233,9668
9,77,121.044,1233,9668
10,24,123.537,1233,9668
11,63,96.345,1233,9668
12,20,96.473,1233,9668
13,27,96.478,1233,9668
14,3,96.553,1233,9668
15,18,96.677,1233,9668
16,10,97.632,1233,9668
17,31,97.72,1233,9668
18,23,97.812,1233,9668
19,22,97.892,1233,9668
20,2,97.923,1233,9668
1,1,86.983,1256,10002
2,4,86.995,1256,10002
3,81,87.027,1256,10002
4,16,87.299,1256,10002
5,63,87.318,1256,10002
6,12,87.555,1256,10002
7,6,87.569,1256,10002
8,44,87.61,1256,10002
9,23,87.615,1256,10002
10,87,87.867,1256,10002
11,10,87.822,1256,10002
12,14,87.897,1256,10002
13,30,87.906,1256,10002
14,22,88.0,1256,10002
15,55,87.836,1256,10002
16,27,88.57,1256,10002
17,5,88.622,1256,10002
18,31,88.696,1256,10002
19,7,88.877,1256,10002
20,18,89.271,1256,10002
1,81,89.841,1257,10010
2,16,90.175,1257,10010
3,63,90.009,1257,10010
4,10,90.216,1257,10010
5,12,90.213,1257,10010
6,4,90.267,1257,10010
7,1,90.423,1257,10010
8,55,90.68,1257,10010
9,44,90.772,1257,10010
10,22,91.303,1257,10010
11,7,91.245,1257,10010
12,6,91.271,1257,10010
13,14,91.886,1257,10010
14,31,,1257,10010
15,23,,1257,10010
16,27,92.067,1257,10010
17,30,92.165,1257,10010
18,5,92.186,1257,10010
19,18,92.283,1257,10010
20,87,92.373,1257,10010
1,1,87.294,1258,10018
2,81,87.304,1258,10018
3,63,87.407,1258,10018
4,16,87.67,1258,10018
5,12,87.866,1258,10018
6,55,88.164,1258,10018
7,44,88.201,1258,10018
8,22,88.204,1258,10018
9,10,88.367,1258,10018
10,4,,1258,10018
11,23,88.109,1258,10018
12,30,88.191,1258,10018
13,14,88.303,1258,10018
14,6,88.418,1258,10018
15,87,88.648,1258,10018
16,18,88.645,1258,10018
17,7,88.739,1258,10018
18,27,88.782,1258,10018
19,31,89.092,1258,10018
20,5,89.462,1258,10018
1,12,86.482,1259,10024
2,81,86.527,1259,10024
3,4,86.582,1259,10024
4,1,86.737,1259,10024
5,63,86.791,1259,10024
6,16,86.808,1259,10024
7,44,87.03,1259,10024
8,23,87.193,1259,10024
9,6,87.543,1259,10024
10,14,87.79,1259,10024
11,27,87.85,1259,10024
12,31,88.07,1259,10024
13,10,88.167,1259,10024
14,30,88.375,1259,10024
15,55,,1259,10024
16,18,89.028,1259,10024
17,7,89.171,1259,10024
18,5,89.312,1259,10024
19,87,89.825,1259,10024
20,22,89.246,1259,10024
1,1,86.204,1259,10029
2,4,86.269,1259,10029
3,12,86.271,1259,10029
4,81,86.375,1259,10029
5,63,86.385,1259,10029
6,55,86.569,1259,10029
7,23,86.682,1259,10029
8,16,86.754,1259,10029
9,31,86.824,1259,10029
10,22,86.943,1259,10029
11,6,86.987,1259,10029
12,44,87.006,1259,10029
13,5,87.151,1259,10029
14,7,87.186,1259,10029
15,30,87.363,1259,10029
16,27,87.473,1259,10029
17,14,87.604,1259,10029
18,18,87.83,1259,10029
19,87,87.999,1259,10029
20,10,87.71,1259,10029
1,4,75.096,1254,9689
2,81,75.18,1254,9689
3,1,75.481,1254,9689
4,63,75.546,1254,9689
5,22,75.67,1254,9689
6,23,75.737,1254,9689
7,16,75.755,1254,9689
8,44,75.973,1254,9689
9,10,75.98,1254,9689
10,55,76.062,1254,9689
11,6,76.175,1254,9689
12,14,76.453,1254,9689
13,18,76.483,1254,9689
14,7,76.863,1254,9689
15,5,77.52,1254,9689
16,12,76.525,1254,9689
17,27,76.579,1254,9689
18,30,77.094,1254,9689
19,31,77.147,1254,9689
20,87,,1254,9689
1,1,82.207,1276,9835
2,4,82.408,1276,9835
3,81,82.437,1276,9835
4,63,82.645,1276,9835
5,16,82.73,1276,9835
6,14,82.902,1276,9835
7,5,82.904,1276,9835
8,31,82.913,1276,9835
9,6,83.072,1276,9835
10,22,,1276,9835
11,87,83.041,1276,9835
12,55,83.042,1276,9835
13,30,83.077,1276,9835
14,12,83.08,1276,9835
15,18,83.097,1276,9835
16,44,83.394,1276,9835
17,23,83.416,1276,9835
18,27,83.45,1276,9835
19,10,83.468,1276,9835
20,43,83.89,1276,9835
1,81,80.055,1275,9841
2,63,80.087,1275,9841
3,4,80.285,1275,9841
4,14,80.45,1275,9841
5,22,80.519,1275,9841
6,1,80.528,1275,9841
7,12,80.532,1275,9841
8,55,80.542,1275,9841
9,16,80.622,1275,9841
10,23,80.788,1275,9841
11,6,81.433,1275,9841
12,87,81.494,1275,9841
13,5,81.567,1275,9841
14,27,81.631,1275,9841
15,31,81.666,1275,9841
16,30,81.851,1275,9841
17,18,81.807,1275,9841
18,44,82.043,1275,9841
19,10,82.112,1275,9841
20,43,82.364,1275,9841
1,81,79.387,1275,9846
2,4,79.495,1275,9846
3,1,79.651,1275,9846
4,63,79.662,1275,9846
5,12,79.846,1275,9846
6,6,80.114,1275,9846
7,55,80.287,1275,9846
8,14,80.418,1275,9846
9,10,80.477,1275,9846
10,16,80.561,1275,9846
11,27,80.353,1275,9846
12,30,80.433,1275,9846
13,87,80.438,1275,9846
14,23,80.629,1275,9846
15,22,80.761,1275,9846
16,31,80.864,1275,9846
17,44,80.907,1275,9846
18,18,81.058,1275,9846
19,5,80.534,1275,9846
20,43,81.137,1275,9846
1,4,107.934,1274,9854
2,1,108.257,1274,9854
3,55,108.296,1274,9854
4,63,108.803,1274,9854
5,81,108.961,1274,9854
6,30,109.062,1274,9854
7,14,109.466,1274,9854
8,6,109.554,1274,9854
9,16,109.872,1274,9854
10,10,111.54,1274,9854
11,27,112.781,1274,9854
12,18,112.85,1274,9854
13,31,112.987,1274,9854
14,87,113.094,1274,9854
15,43,113.683,1274,9854
16,23,116.22,1274,9854
17,12,116.314,1274,9854
18,5,116.674,1274,9854
19,44,117.115,1274,9854
20,22,116.798,1274,9854
1,4,69.511,1273,9865
2,12,69.685,1273,9865
3,16,69.805,1273,9865
4,81,69.886,1273,9865
5,6,69.931,1273,9865
6,63,69.942,1273,9865
7,30,69.962,1273,9865
8,87,69.977,1273,9865
9,10,70.002,1273,9865
10,27,70.039,1273,9865
11,14,70.001,1273,9865
12,23,70.053,1273,9865
13,44,70.1,1273,9865
14,18,70.161,1273,9865
15,55,70.472,1273,9865
16,1,70.403,1273,9865
17,31,70.438,1273,9865
18,43,70.632,1273,9865
19,22,70.711,1273,9865
20,5,,1273,9865
1,4,75.586,1272,9873
2,16,75.848,1272,9873
3,44,75.938,1272,9873
4,63,76.034,1272,9873
5,1,76.07,1272,9873
6,12,76.118,1272,9873
7,81,76.174,1272,9873
8,6,76.252,1272,9873
9,87,76.46,1272,9873
10,22,76.816,1272,9873
11,31,76.837,1272,9873
12,55,76.172,1272,9873
13,27,77.016,1272,9873
14,14,77.103,1272,9873
15,30,78.072,1272,9873
16,5,77.412,1272,9873
17,23,77.49,1272,9873
18,10,77.546,1272,9873
19,18,77.606,1272,9873
20,43,77.67,1272,9873
1,1,92.143,1271,9879
2,4,92.214,1271,9879
3,81,92.523,1271,9879
4,27,92.645,1271,9879
5,63,92.888,1271,9879
6,14,92.91,1271,9879
7,55,92.911,1271,9879
8,44,93.035,1271,9879
9,23,93.099,1271,9879
10,16,93.104,1271,9879
11,12,94.018,1271,9879
12,6,94.241,1271,9879
13,10,94.258,1271,9879
14,18,94.394,1271,9879
15,30,,1271,9879
16,87,95.159,1271,9879
17,43,95.246,1271,9879
18,22,95.259,1271,9879
19,31,96.003,1271,9879
20,5,,1271,9879
1,1,92.51,1271,9884
2,4,92.801,1271,9884
3,16,92.807,1271,9884
4,63,92.826,1271,9884
5,44,92.912,1271,9884
6,81,93.084,1271,9884
7,12,93.114,1271,9884
8,87,93.139,1271,9884
9,55,93.15,1271,9884
10,14,93.16,1271,9884
11,27,93.334,1271,9884
12,30,93.36,1271,9884
13,22,93.466,1271,9884
14,10,93.651,1271,9884
15,43,94.044,1271,9884
16,5,94.125,1271,9884
17,31,94.136,1271,9884
18,23,94.69,1271,9884
19,18,94.54,1271,9884
20,6,,1271,9884
1,63,89.158,1270,9892
2,1,89.34,1270,9892
3,81,89.524,1270,9892
4,12,89.537,1270,9892
5,4,89.586,1270,9892
6,44,89.688,1270,9892
7,16,89.784,1270,9892
8,6,89.846,1270,9892
9,87,89.868,1270,9892
10,14,89.955,1270,9892
11,27,90.141,1270,9892
12,30,90.32,1270,9892
13,22,90.353,1270,9892
14,5,90.82,1270,9892
15,18,90.949,1270,9892
16,43,90.982,1270,9892
17,31,90.989,1270,9892
18,10,91.261,1270,9892
19,55,,1270,9892
20,23,,1270,9892
1,1,101.117,1269,9900
2,55,101.595,1269,9900
3,30,101.707,1269,9900
4,12,101.717,1269,9900
5,63,102.07,1269,9900
6,22,102.143,1269,9900
7,4,102.239,1269,9900
8,6,102.372,1269,9900
9,81,,1269,9900
10,16,,1269,9900
11,14,101.857,1269,9900
12,44,102.183,1269,9900
13,5,102.277,1269,9900
14,18,103.061,1269,9900
15,87,,1269,9900
16,43,102.779,1269,9900
17,27,102.916,1269,9900
18,10,103.139,1269,9900
19,23,103.778,1269,9900
20,31,,1269,9900
1,1,78.792,1268,9908
2,4,78.869,1268,9908
3,81,78.982,1268,9908
4,16,79.007,1268,9908
5,63,79.157,1268,9908
6,12,79.2,1268,9908
7,5,79.39,1268,9908
8,14,79.424,1268,9908
9,22,79.519,1268,9908
10,44,79.124,1268,9908
11,87,79.446,1268,9908
12,27,79.498,1268,9908
13,55,79.528,1268,9908
14,23,79.583,1268,9908
15,31,79.707,1268,9908
16,6,79.917,1268,9908
17,18,79.948,1268,9908
18,43,79.992,1268,9908
19,10,80.103,1268,9908
20,30,80.279,1268,9908
1,81,68.662,1267,9916
2,4,68.674,1267,9916
3,1,68.925,1267,9916
4,6,69.208,1267,9916
5,63,69.255,1267,9916
6,16,69.34,1267,9916
7,44,69.39,1267,9916
8,30,69.5,1267,9916
9,55,69.505,1267,9916
10,14,69.63,1267,9916
11,12,69.493,1267,9916
12,22,69.622,1267,9916
13,5,69.622,1267,9916
14,10,69.637,1267,9916
15,23,69.652,1267,9916
16,43,70.104,1267,9916
17,27,70.195,1267,9916
18,31,70.197,1267,9916
19,87,70.262,1267,9916
20,18,,1267,9916
1,16,75.372,1266,9924
2,81,75.398,1266,9924
3,4,75.413,1266,9924
4,63,75.425,1266,9924
5,14,75.481,1266,9924
6,18,75.498,1266,9924
7,5,75.725,1266,9924
8,1,75.728,1266,9924
9,30,75.821,1266,9924
10,6,75.915,1266,9924
11,87,75.694,1266,9924
12,44,75.702,1266,9924
13,55,75.781,1266,9924
14,43,76.159,1266,9924
15,12,76.386,1266,9924
16,22,75.899,1266,9924
17,10,75.966,1266,9924
18,31,76.023,1266,9924
19,27,76.081,1266,9924
20,23,76.223,1266,9924
1,81,100.51,1265,9930
2,1,100.987,1265,9930
3,4,101.128,1265,9930
4,16,101.278,1265,9930
5,31,101.565,1265,9930
6,55,101.761,1265,9930
7,87,101.857,1265,9930
8,10,101.959,1265,9930
9,6,101.971,1265,9930
10,5,102.176,1265,9930
11,30,102.169,1265,9930
12,22,102.184,1265,9930
13,63,102.33,1265,9930
14,14,102.453,1265,9930
15,18,102.832,1265,9930
16,23,103.212,1265,9930
17,27,103.217,1265,9930
18,44,103.408,1265,9930
19,12,105.394,1265,9930
20,43,103.587,1265,9930
1,4,100.562,1265,9935
2,81,100.647,1265,9935
3,16,100.9,1265,9935
4,1,100.903,1265,9935
5,23,101.201,1265,9935
6,63,101.26,1265,9935
7,22,101.284,1265,9935
8,6,101.31,1265,9935
9,30,101.328,1265,9935
10,5,102.387,1265,9935
11,31,101.525,1265,9935
12,87,101.617,1265,9935
13,10,101.633,1265,9935
14,27,101.707,1265,9935
15,43,102.022,1265,9935
16,18,102.502,1265,9935
17,55,101.758,1265,9935
18,44,101.939,1265,9935
19,12,102.139,1265,9935
20,14,102.385,1265,9935
1,1,84.892,1277,9943
2,81,84.995,1277,9943
3,4,85.01,1277,9943
4,63,85.029,1277,9943
5,44,85.095,1277,9943
6,16,85.121,1277,9943
7,14,85.621,1277,9943
8,10,85.785,1277,9943
9,55,85.746,1277,9943
10,12,85.374,1277,9943
11,22,85.826,1277,9943
12,6,85.864,1277,9943
13,23,85.889,1277,9943
14,31,85.95,1277,9943
15,30,86.44,1277,9943
16,5,86.446,1277,9943
17,18,86.504,1277,9943
18,87,85.471,1277,9943
19,27,86.574,1277,9943
20,43,87.06,1277,9943
1,4,63.971,1264,9951
2,16,64.492,1264,9951
3,81,64.554,1264,9951
4,44,64.582,1264,9951
5,63,64.763,1264,9951
6,30,64.926,1264,9951
7,1,64.929,1264,9951
8,5,65.132,1264,9951
9,12,65.276,1264,9951
10,10,65.649,1264,9951
11,14,65.128,1264,9951
12,23,65.205,1264,9951
13,6,65.226,1264,9951
14,43,65.288,1264,9951
15,87,65.312,1264,9951
16,18,65.329,1264,9951
17,31,65.364,1264,9951
18,22,65.369,1264,9951
19,55,65.582,1264,9951
20,27,65.606,1264,9951
1,63,70.899,1263,9959
2,1,71.059,1263,9959
3,81,71.12,1263,9959
4,12,71.391,1263,9959
5,44,71.526,1263,9959
6,14,71.586,1263,9959
7,4,71.625,1263,9959
8,16,71.682,1263,9959
9,23,71.907,1263,9959
10,43,72.142,1263,9959
11,27,72.183,1263,9959
12,6,71.867,1263,9959
13,87,72.34,1263,9959
14,31,72.634,1263,9959
15,5,72.385,1263,9959
16,55,72.398,1263,9959
17,18,72.517,1263,9959
18,22,72.102,1263,9959
19,30,72.525,1263,9959
20,10,72.667,1263,9959
1,81,71.546,1262,9967
2,4,71.755,1262,9967
3,1,71.848,1262,9967
4,63,71.848,1262,9967
5,44,72.045,1262,9967
6,12,72.111,1262,9967
7,16,72.131,1262,9967
8,10,72.199,1262,9967
9,6,72.252,1262,9967
10,14,72.284,1262,9967
11,23,72.641,1262,9967
12,5,72.756,1262,9967
13,30,72.763,1262,9967
14,18,73.058,1262,9967
15,87,73.315,1262,9967
16,27,73.19,1262,9967
17,31,73.201,1262,9967
18,55,73.203,1262,9967
19,43,73.334,1262,9967
20,22,73.385,1262,9967
1,4,69.954,1261,9975
2,16,70.063,1261,9975
3,81,70.129,1261,9975
4,1,70.669,1261,9975
5,6,70.923,1261,9975
6,14,70.924,1261,9975
7,44,70.382,1261,9975
8,31,70.942,1261,9975
9,30,71.129,1261,9975
10,23,71.213,1261,9975
11,55,71.362,1261,9975
12,22,71.415,1261,9975
13,27,71.596,1261,9975
14,63,,1261,9975
15,12,,1261,9975
16,5,71.902,1261,9975
17,10,71.994,1261,9975
18,43,72.597,1261,9975
19,18,72.563,1261,9975
20,87,71.979,1261,9975
1,81,74.67,1260,9983
2,1,74.704,1260,9983
3,63,74.807,1260,9983
4,4,74.962,1260,9983
5,14,75.431,1260,9983
6,55,75.432,1260,9983
7,23,75.473,1260,9983
8,18,75.581,1260,9983
9,6,75.746,1260,9983
10,10,75.787,1260,9983
11,16,75.604,1260,9983
12,44,75.765,1260,9983
13,12,75.772,1260,9983
14,5,76.26,1260,9983
15,30,76.379,1260,9983
16,43,,1260,9983
17,27,76.518,1260,9983
18,31,76.613,1260,9983
19,87,76.918,1260,9983
20,22,,1260,9983
1,44,90.849,1255,9989
2,1,90.867,1255,9989
3,81,90.929,1255,9989
4,16,91.057,1255,9989
5,63,91.169,1255,9989
6,4,91.393,1255,9989
7,12,91.738,1255,9989
8,22,91.773,1255,9989
9,23,91.852,1255,9989
10,18,91.982,1255,9989
11,14,91.815,1255,9989
12,87,91.978,1255,9989
13,55,92.325,1255,9989
14,5,92.564,1255,9989
15,6,,1255,9989
16,7,92.575,1255,9989
17,10,92.64,1255,9989
18,31,92.651,1255,9989
19,30,92.729,1255,9989
20,27,92.675,1255,9989
1,81,90.641,1255,9994
2,63,90.723,1255,9994
3,4,90.793,1255,9994
4,1,90.817,1255,9994
5,44,90.927,1255,9994
6,16,91.021,1255,9994
7,6,91.079,1255,9994
8,12,91.103,1255,9994
9,22,91.638,1255,9994
10,23,91.706,1255,9994
11,31,91.625,1255,9994
12,27,91.632,1255,9994
13,14,91.688,1255,9994
14,18,91.773,1255,9994
15,55,91.84,1255,9994
16,10,91.992,1255,9994
17,87,92.018,1255,9994
18,7,92.092,1255,9994
19,5,92.141,1255,9994
20,30,92.174,1255,9994
1,63,78.518,1279,11230
2,12,78.811,1279,11230
3,6,79.303,1279,11230
4,16,79.327,1279,11230
5,81,79.38,1279,11230
6,1,79.475,1279,11230
7,44,79.478,1279,11230
8,30,79.994,1279,11230
9,41,81.247,1279,11230
10,5,,1279,11230
11,27,80.303,1279,11230
12,87,80.311,1279,11230
13,31,80.491,1279,11230
14,10,80.501,1279,11230
15,23,80.941,1279,11230
16,43,81.27,1279,11230
17,14,81.969,1279,11230
18,11,82.605,1279,11230
19,77,83.244,1279,11230
20,3,,1279,11230
21,55,,1279,11230
22,18,,1279,11230
1,63,91.52,1280,11236
2,12,91.809,1280,11236
3,1,92.141,1280,11236
4,44,92.161,1280,11236
5,81,92.224,1280,11236
6,16,92.528,1280,11236
7,10,92.888,1280,11236
8,3,93.254,1280,11236
9,87,93.409,1280,11236
10,6,93.723,1280,11236
11,27,93.635,1280,11236
12,31,93.639,1280,11236
13,30,93.714,1280,11236
14,5,93.774,1280,11236
15,41,94.048,1280,11236
16,43,94.327,1280,11236
17,55,94.761,1280,11236
18,14,95.581,1280,11236
19,18,96.151,1280,11236
20,77,97.378,1280,11236
21,11,,1280,11236
22,23,95.305,1280,11236
1,12,92.064,1280,11241
2,63,92.286,1280,11241
3,44,92.415,1280,11241
4,16,92.428,1280,11241
5,81,92.55,1280,11241
6,1,92.608,1280,11241
7,10,92.873,1280,11241
8,3,93.002,1280,11241
9,6,93.121,1280,11241
10,87,93.292,1280,11241
11,27,93.354,1280,11241
12,43,93.357,1280,11241
13,31,93.538,1280,11241
14,30,93.765,1280,11241
15,41,93.784,1280,11241
16,5,93.965,1280,11241
17,55,94.317,1280,11241
18,14,95.203,1280,11241
19,77,95.436,1280,11241
20,18,95.995,1280,11241
21,11,96.906,1280,11241
22,23,94.772,1280,11241
1,12,88.778,1281,11249
2,63,89.076,1281,11249
3,81,89.132,1281,11249
4,16,89.405,1281,11249
5,1,89.409,1281,11249
6,44,89.567,1281,11249
7,10,89.691,1281,11249
8,6,89.978,1281,11249
9,5,90.274,1281,11249
10,41,90.319,1281,11249
11,3,90.262,1281,11249
12,31,90.309,1281,11249
13,27,90.387,1281,11249
14,30,90.495,1281,11249
15,43,90.627,1281,11249
16,55,91.033,1281,11249
17,23,91.088,1281,11249
18,87,91.09,1281,11249
19,11,92.206,1281,11249
20,77,92.33,1281,11249
21,14,92.646,1281,11249
22,18,92.92,1281,11249
1,1,87.869,1284,11271
2,12,88.091,1284,11271
3,81,88.108,1284,11271
4,16,88.239,1284,11271
5,3,88.461,1284,11271
6,63,88.493,1284,11271
7,44,88.618,1284,11271
8,43,89.32,1284,11271
9,6,89.422,1284,11271
10,10,89.474,1284,11271
11,5,89.994,1284,11271
12,27,90.019,1284,11271
13,87,90.116,1284,11271
14,55,90.224,1284,11271
15,30,91.043,1284,11271
16,31,91.245,1284,11271
17,11,91.255,1284,11271
18,23,91.322,1284,11271
19,77,91.826,1284,11271
20,14,101.311,1284,11271
21,18,,1284,11271
22,41,90.573,1284,11271
1,12,87.798,1284,11276
2,3,87.964,1284,11276
3,16,88.143,1284,11276
4,1,88.183,1284,11276
5,63,88.197,1284,11276
6,44,88.319,1284,11276
7,81,88.5,1284,11276
8,43,88.762,1284,11276
9,10,88.81,1284,11276
10,27,89.439,1284,11276
11,30,89.499,1284,11276
12,87,89.567,1284,11276
13,55,89.568,1284,11276
14,31,89.772,1284,11276
15,23,89.946,1284,11276
16,41,90.133,1284,11276
17,14,91.098,1284,11276
18,18,91.164,1284,11276
19,77,91.629,1284,11276
20,11,91.967,1284,11276
21,5,93.737,1284,11276
22,6,,1284,11276
