compound,driver_number,lap_end,lap_start,meeting_key,session_key,stint_number,tyre_age_at_start
SOFT,1,17.0,1.0,1229,9472,1,3
SOFT,3,13.0,1.0,1229,9472,1,3
SOFT,14,15.0,1.0,1229,9472,1,3
SOFT,10,12.0,1.0,1229,9472,1,0
SOFT,81,12.0,1.0,1229,9472,1,3
SOFT,18,9.0,1.0,1229,9472,1,0
SOFT,27,1.0,1.0,1229,9472,1,0
SOFT,22,14.0,1.0,1229,9472,1,0
SOFT,31,10.0,1.0,1229,9472,1,0
SOFT,4,13.0,1.0,1229,9472,1,3
SOFT,2,10.0,1.0,1229,9472,1,0
SOFT,77,12.0,1.0,1229,9472,1,0
SOFT,63,11.0,1.0,1229,9472,1,3
SOFT,23,15.0,1.0,1229,9472,1,0
SOFT,16,11.0,1.0,1229,9472,1,3
SOFT,44,12.0,1.0,1229,9472,1,3
SOFT,20,11.0,1.0,1229,9472,1,0
SOFT,11,12.0,1.0,1229,9472,1,3
SOFT,24,9.0,1.0,1229,9472,1,0
SOFT,55,14.0,1.0,1229,9472,1,3
HARD,27,20.0,2.0,1229,9472,2,0
HARD,24,28.0,10.0,1229,9472,2,0
HARD,18,27.0,10.0,1229,9472,2,0
HARD,31,30.0,11.0,1229,9472,2,0
HARD,2,28.0,11.0,1229,9472,2,0
HARD,63,31.0,12.0,1229,9472,2,0
HARD,16,34.0,12.0,1229,9472,2,0
HARD,20,32.0,12.0,1229,9472,2,0
HARD,11,36.0,13.0,1229,9472,2,0
HARD,81,34.0,13.0,1229,9472,2,0
HARD,44,33.0,13.0,1229,9472,2,0
HARD,77,30.0,13.0,1229,9472,2,0
HARD,10,31.0,13.0,1229,9472,2,0
HARD,4,33.0,14.0,1229,9472,2,0
HARD,3,35.0,14.0,1229,9472,2,0
HARD,55,35.0,15.0,1229,9472,2,0
HARD,22,34.0,15.0,1229,9472,2,0
HARD,14,41.0,16.0,1229,9472,2,0
HARD,23,36.0,16.0,1229,9472,2,0
HARD,1,37.0,18.0,1229,9472,2,0
HARD,27,41.0,21.0,1229,9472,3,0
HARD,18,57.0,28.0,1229,9472,3,0
HARD,24,56.0,29.0,1229,9472,3,0
HARD,2,40.0,29.0,1229,9472,3,0
HARD,31,56.0,31.0,1229,9472,3,0
HARD,63,57.0,32.0,1229,9472,3,0
HARD,77,56.0,31.0,1229,9472,3,0
HARD,10,43.0,32.0,1229,9472,3,0
HARD,20,56.0,33.0,1229,9472,3,0
HARD,4,57.0,34.0,1229,9472,3,0
HARD,44,57.0,34.0,1229,9472,3,0
HARD,16,57.0,35.0,1229,9472,3,0
HARD,81,57.0,35.0,1229,9472,3,0
HARD,22,56.0,35.0,1229,9472,3,0
HARD,55,57.0,36.0,1229,9472,3,0
SOFT,3,56.0,36.0,1229,9472,3,0
SOFT,11,57.0,37.0,1229,9472,3,0
HARD,23,56.0,37.0,1229,9472,3,0
SOFT,1,57.0,38.0,1229,9472,3,0
HARD,14,57.0,42.0,1229,9472,3,0
SOFT,2,55.0,41.0,1229,9472,4,0
SOFT,27,56.0,42.0,1229,9472,4,0
SOFT,10,56.0,44.0,1229,9472,4,0
MEDIUM,22,7.0,1.0,1230,9480,1,0
MEDIUM,2,7.0,1.0,1230,9480,1,0
MEDIUM,11,7.0,1.0,1230,9480,1,0
MEDIUM,23,7.0,1.0,1230,9480,1,0
MEDIUM,63,7.0,1.0,1230,9480,1,0
MEDIUM,18,5.0,1.0,1230,9480,1,1
MEDIUM,44,36.0,1.0,1230,9480,1,0
MEDIUM,3,7.0,1.0,1230,9480,1,0
MEDIUM,14,7.0,1.0,1230,9480,1,1
MEDIUM,4,37.0,1.0,1230,9480,1,0
MEDIUM,24,41.0,1.0,1230,9480,1,0
MEDIUM,10,1.0,1.0,1230,9480,1,0
MEDIUM,81,7.0,1.0,1230,9480,1,0
MEDIUM,20,7.0,1.0,1230,9480,1,0
MEDIUM,31,7.0,1.0,1230,9480,1,0
SOFT,77,7.0,1.0,1230,9480,1,0
MEDIUM,1,7.0,1.0,1230,9480,1,0
MEDIUM,27,33.0,1.0,1230,9480,1,0
MEDIUM,16,7.0,1.0,1230,9480,1,0
SOFT,38,7.0,1.0,1230,9480,1,0
HARD,1,50.0,8.0,1230,9480,2,0
HARD,11,50.0,8.0,1230,9480,2,0
HARD,16,50.0,8.0,1230,9480,2,0
HARD,14,50.0,8.0,1230,9480,2,1
HARD,81,50.0,8.0,1230,9480,2,1
HARD,63,50.0,8.0,1230,9480,2,0
HARD,20,50.0,8.0,1230,9480,2,0
HARD,22,49.0,8.0,1230,9480,2,0
HARD,38,50.0,8.0,1230,9480,2,0
HARD,23,50.0,8.0,1230,9480,2,0
HARD,77,35.0,8.0,1230,9480,2,0
HARD,2,49.0,8.0,1230,9480,2,0
HARD,31,49.0,8.0,1230,9480,2,0
HARD,3,49.0,8.0,1230,9480,2,0
HARD,27,50.0,34.0,1230,9480,2,0
SOFT,77,49.0,36.0,1230,9480,3,0
SOFT,44,50.0,37.0,1230,9480,2,3
SOFT,4,50.0,38.0,1230,9480,2,1
SOFT,24,49.0,42.0,1230,9480,2,0
HARD,27,17.0,1.0,1231,9488,1,0
MEDIUM,16,9.0,1.0,1231,9488,1,0
MEDIUM,11,14.0,1.0,1231,9488,1,0
MEDIUM,22,9.0,1.0,1231,9488,1,0
MEDIUM,63,8.0,1.0,1231,9488,1,0
MEDIUM,18,8.0,1.0,1231,9488,1,1
HARD,14,17.0,1.0,1231,9488,1,1
MEDIUM,23,6.0,1.0,1231,9488,1,0
SOFT,3,5.0,1.0,1231,9488,1,0
MEDIUM,4,14.0,1.0,1231,9488,1,0
SOFT,24,6.0,1.0,1231,9488,1,1
MEDIUM,55,16.0,1.0,1231,9488,1,0
SOFT,44,7.0,1.0,1231,9488,1,0
MEDIUM,10,17.0,1.0,1231,9488,1,0
MEDIUM,81,9.0,1.0,1231,9488,1,0
MEDIUM,20,7.0,1.0,1231,9488,1,0
MEDIUM,31,9.0,1.0,1231,9488,1,0
MEDIUM,77,8.0,1.0,1231,9488,1,1
MEDIUM,1,3.0,1.0,1231,9488,1,0
HARD,3,29.0,5.0,1231,9488,2,0
HARD,23,27.0,6.0,1231,9488,2,0
HARD,24,35.0,6.0,1231,9488,2,1
HARD,44,15.0,7.0,1231,9488,2,0
HARD,20,33.0,7.0,1231,9488,2,0
HARD,63,45.0,8.0,1231,9488,2,0
HARD,18,37.0,8.0,1231,9488,2,1
HARD,77,36.0,8.0,1231,9488,2,0
HARD,81,39.0,9.0,1231,9488,2,1
HARD,16,34.0,9.0,1231,9488,2,0
HARD,22,36.0,9.0,1231,9488,2,0
HARD,31,16.0,9.0,1231,9488,2,0
HARD,4,40.0,14.0,1231,9488,2,1
HARD,11,35.0,14.0,1231,9488,2,0
HARD,55,41.0,16.0,1231,9488,2,0
HARD,31,42.0,16.0,1231,9488,3,0
MEDIUM,14,41.0,17.0,1231,9488,2,1
MEDIUM,27,35.0,17.0,1231,9488,2,0
HARD,10,41.0,17.0,1231,9488,2,0
HARD,23,57.0,27.0,1231,9488,3,0
HARD,3,57.0,29.0,1231,9488,3,0
HARD,20,57.0,33.0,1231,9488,3,0
HARD,16,58.0,34.0,1231,9488,3,0
HARD,11,58.0,35.0,1231,9488,3,0
HARD,27,58.0,35.0,1231,9488,3,0
HARD,24,57.0,35.0,1231,9488,3,0
HARD,22,58.0,36.0,1231,9488,3,0
HARD,77,57.0,36.0,1231,9488,3,0
HARD,18,58.0,37.0,1231,9488,3,0
HARD,81,58.0,39.0,1231,9488,3,1
HARD,4,58.0,40.0,1231,9488,3,1
HARD,55,58.0,41.0,1231,9488,3,0
HARD,14,58.0,41.0,1231,9488,3,1
HARD,10,57.0,41.0,1231,9488,3,0
HARD,31,57.0,42.0,1231,9488,4,7
HARD,63,56.0,45.0,1231,9488,3,0
MEDIUM,1,1.0,1.0,1232,9496,1,0
MEDIUM,81,1.0,1.0,1232,9496,1,0
MEDIUM,63,1.0,1.0,1232,9496,1,0
MEDIUM,4,1.0,1.0,1232,9496,1,0
MEDIUM,44,1.0,1.0,1232,9496,1,0
MEDIUM,22,1.0,1.0,1232,9496,1,0
MEDIUM,24,1.0,1.0,1232,9496,1,0
SOFT,77,1.0,1.0,1232,9496,1,0
SOFT,10,1.0,1.0,1232,9496,1,0
SOFT,14,1.0,1.0,1232,9496,1,0
SOFT,27,1.0,1.0,1232,9496,1,0
SOFT,18,1.0,1.0,1232,9496,1,0
MEDIUM,11,1.0,1.0,1232,9496,1,0
MEDIUM,16,1.0,1.0,1232,9496,1,0
SOFT,31,1.0,1.0,1232,9496,1,0
SOFT,2,1.0,1.0,1232,9496,1,0
MEDIUM,20,1.0,1.0,1232,9496,1,0
MEDIUM,55,1.0,1.0,1232,9496,1,0
MEDIUM,1,16.0,2.0,1232,9496,2,1
MEDIUM,11,15.0,2.0,1232,9496,2,1
MEDIUM,4,11.0,2.0,1232,9496,2,0
MEDIUM,55,15.0,2.0,1232,9496,2,0
SOFT,14,13.0,2.0,1232,9496,2,1
MEDIUM,81,12.0,2.0,1232,9496,2,1
HARD,44,23.0,2.0,1232,9496,2,0
MEDIUM,16,26.0,2.0,1232,9496,2,0
HARD,63,22.0,2.0,1232,9496,2,0
SOFT,77,6.0,2.0,1232,9496,2,0
SOFT,27,5.0,2.0,1232,9496,2,1
SOFT,22,7.0,2.0,1232,9496,2,0
HARD,31,19.0,2.0,1232,9496,2,0
HARD,10,16.0,2.0,1232,9496,2,0
SOFT,18,12.0,2.0,1232,9496,2,0
MEDIUM,20,22.0,2.0,1232,9496,2,0
HARD,2,22.0,2.0,1232,9496,2,0
SOFT,24,7.0,2.0,1232,9496,2,0
HARD,27,33.0,6.0,1232,9496,3,0
HARD,77,22.0,7.0,1232,9496,3,0
HARD,22,22.0,8.0,1232,9496,3,0
HARD,24,11.0,8.0,1232,9496,3,0
HARD,4,26.0,12.0,1232,9496,3,0
HARD,24,12.0,12.0,1232,9496,4,4
HARD,81,32.0,13.0,1232,9496,3,0
MEDIUM,18,22.0,13.0,1232,9496,3,0
MEDIUM,14,33.0,14.0,1232,9496,3,0
MEDIUM,11,33.0,16.0,1232,9496,3,0
MEDIUM,55,36.0,16.0,1232,9496,3,1
MEDIUM,1,34.0,17.0,1232,9496,3,0
MEDIUM,10,32.0,17.0,1232,9496,3,0
HARD,31,33.0,20.0,1232,9496,3,0
HARD,63,37.0,23.0,1232,9496,3,0
HARD,22,52.0,23.0,1232,9496,4,0
HARD,77,52.0,23.0,1232,9496,4,0
HARD,20,52.0,23.0,1232,9496,3,0
HARD,2,34.0,23.0,1232,9496,3,0
HARD,18,34.0,23.0,1232,9496,4,0
HARD,44,39.0,24.0,1232,9496,3,0
HARD,16,53.0,27.0,1232,9496,3,0
HARD,4,53.0,27.0,1232,9496,4,0
HARD,81,53.0,33.0,1232,9496,4,0
HARD,10,52.0,33.0,1232,9496,4,0
HARD,11,53.0,34.0,1232,9496,4,0
HARD,14,53.0,34.0,1232,9496,4,0
HARD,27,52.0,34.0,1232,9496,4,0
MEDIUM,31,52.0,34.0,1232,9496,4,0
HARD,1,53.0,35.0,1232,9496,4,0
SOFT,18,52.0,35.0,1232,9496,5,0
MEDIUM,2,41.0,35.0,1232,9496,4,0
HARD,55,53.0,37.0,1232,9496,4,0
MEDIUM,63,53.0,38.0,1232,9496,4,1
MEDIUM,44,53.0,40.0,1232,9496,4,0
SOFT,2,52.0,42.0,1232,9496,5,0
MEDIUM,18,19.0,1.0,1233,9672,1,3
MEDIUM,31,19.0,1.0,1233,9672,1,0
MEDIUM,11,19.0,1.0,1233,9672,1,3
MEDIUM,1,19.0,1.0,1233,9672,1,3
MEDIUM,14,16.0,1.0,1233,9672,1,3
MEDIUM,16,19.0,1.0,1233,9672,1,4
MEDIUM,2,19.0,1.0,1233,9672,1,6
MEDIUM,20,19.0,1.0,1233,9672,1,4
MEDIUM,22,19.0,1.0,1233,9672,1,0
MEDIUM,44,19.0,1.0,1233,9672,1,0
MEDIUM,55,19.0,1.0,1233,9672,1,0
MEDIUM,77,19.0,1.0,1233,9672,1,4
MEDIUM,4,19.0,1.0,1233,9672,1,0
MEDIUM,24,19.0,1.0,1233,9672,1,4
MEDIUM,10,19.0,1.0,1233,9672,1,0
MEDIUM,81,19.0,1.0,1233,9672,1,3
MEDIUM,23,19.0,1.0,1233,9672,1,6
MEDIUM,27,19.0,1.0,1233,9672,1,4
MEDIUM,3,19.0,1.0,1233,9672,1,3
SOFT,63,19.0,1.0,1233,9672,1,0
MEDIUM,14,17.0,17.0,1233,9672,2,6
MEDIUM,24,8.0,1.0,1233,9673,1,0
SOFT,44,9.0,1.0,1233,9673,1,0
MEDIUM,77,9.0,1.0,1233,9673,1,0
MEDIUM,3,14.0,1.0,1233,9673,1,0
MEDIUM,10,11.0,1.0,1233,9673,1,0
MEDIUM,1,13.0,1.0,1233,9673,1,0
MEDIUM,81,16.0,1.0,1233,9673,1,0
MEDIUM,16,21.0,1.0,1233,9673,1,0
MEDIUM,63,11.0,1.0,1233,9673,1,0
MEDIUM,14,11.0,1.0,1233,9673,1,0
MEDIUM,11,13.0,1.0,1233,9673,1,0
SOFT,18,9.0,1.0,1233,9673,1,0
MEDIUM,4,22.0,1.0,1233,9673,1,0
MEDIUM,31,9.0,1.0,1233,9673,1,0
SOFT,22,8.0,1.0,1233,9673,1,0
MEDIUM,55,17.0,1.0,1233,9673,1,0
MEDIUM,23,9.0,1.0,1233,9673,1,0
HARD,20,17.0,1.0,1233,9673,1,0
MEDIUM,27,8.0,1.0,1233,9673,1,0
SOFT,2,12.0,1.0,1233,9673,1,0
HARD,27,23.0,9.0,1233,9673,2,0
MEDIUM,22,23.0,9.0,1233,9673,2,0
HARD,24,23.0,9.0,1233,9673,2,0
MEDIUM,18,21.0,10.0,1233,9673,2,0
MEDIUM,23,23.0,10.0,1233,9673,2,0
HARD,77,19.0,10.0,1233,9673,2,0
HARD,31,23.0,10.0,1233,9673,2,0
MEDIUM,44,21.0,10.0,1233,9673,2,0
MEDIUM,63,23.0,12.0,1233,9673,2,0
HARD,14,23.0,12.0,1233,9673,2,0
HARD,10,23.0,12.0,1233,9673,2,0
MEDIUM,2,24.0,13.0,1233,9673,2,0
HARD,1,23.0,14.0,1233,9673,2,0
HARD,11,23.0,14.0,1233,9673,2,0
MEDIUM,3,33.0,15.0,1233,9673,2,0
MEDIUM,81,24.0,17.0,1233,9673,2,1
HARD,55,56.0,18.0,1233,9673,2,0
HARD,20,27.0,18.0,1233,9673,2,0
HARD,16,56.0,22.0,1233,9673,2,0
HARD,18,26.0,22.0,1233,9673,3,0
HARD,44,56.0,22.0,1233,9673,3,0
HARD,4,56.0,23.0,1233,9673,2,0
HARD,1,56.0,24.0,1233,9673,3,0
HARD,11,56.0,24.0,1233,9673,3,0
SOFT,14,43.0,24.0,1233,9673,3,0
HARD,63,56.0,24.0,1233,9673,3,0
HARD,27,56.0,24.0,1233,9673,3,0
HARD,31,56.0,24.0,1233,9673,3,0
HARD,22,26.0,24.0,1233,9673,3,0
HARD,23,56.0,24.0,1233,9673,3,0
HARD,24,40.0,24.0,1233,9673,3,0
HARD,10,38.0,24.0,1233,9673,3,0
HARD,81,56.0,25.0,1233,9673,3,0
HARD,2,56.0,25.0,1233,9673,3,0
MEDIUM,18,35.0,27.0,1233,9673,4,0
MEDIUM,20,56.0,28.0,1233,9673,3,0
HARD,18,56.0,36.0,1233,9673,5,0
MEDIUM,10,56.0,39.0,1233,9673,4,0
SOFT,24,56.0,41.0,1233,9673,4,0
MEDIUM,14,56.0,44.0,1233,9673,4,0
MEDIUM,77,1.0,1.0,1234,9506,1,0
MEDIUM,1,1.0,1.0,1234,9506,1,3
MEDIUM,27,1.0,1.0,1234,9506,1,6
SOFT,2,1.0,1.0,1234,9506,1,0
SOFT,22,1.0,1.0,1234,9506,1,0
MEDIUM,3,1.0,1.0,1234,9506,1,0
MEDIUM,23,1.0,1.0,1234,9506,1,0
MEDIUM,63,1.0,1.0,1234,9506,1,6
MEDIUM,18,1.0,1.0,1234,9506,1,6
MEDIUM,24,1.0,1.0,1234,9506,1,0
MEDIUM,44,1.0,1.0,1234,9506,1,6
MEDIUM,14,1.0,1.0,1234,9506,1,5
MEDIUM,11,1.0,1.0,1234,9506,1,3
MEDIUM,20,1.0,1.0,1234,9506,1,6
MEDIUM,55,1.0,1.0,1234,9506,1,0
MEDIUM,10,1.0,1.0,1234,9506,1,0
MEDIUM,16,1.0,1.0,1234,9506,1,0
MEDIUM,81,1.0,1.0,1234,9506,1,0
MEDIUM,31,1.0,1.0,1234,9506,1,0
MEDIUM,1,2.0,2.0,1234,9506,2,4
MEDIUM,16,2.0,2.0,1234,9506,2,0
MEDIUM,3,2.0,2.0,1234,9506,2,1
MEDIUM,55,2.0,2.0,1234,9506,2,1
MEDIUM,11,2.0,2.0,1234,9506,2,4
MEDIUM,81,2.0,2.0,1234,9506,2,1
MEDIUM,20,2.0,2.0,1234,9506,2,0
MEDIUM,27,2.0,2.0,1234,9506,2,0
SOFT,22,2.0,2.0,1234,9506,2,1
MEDIUM,44,2.0,2.0,1234,9506,2,7
SOFT,2,2.0,2.0,1234,9506,2,0
MEDIUM,10,2.0,2.0,1234,9506,2,0
MEDIUM,24,2.0,2.0,1234,9506,2,0
MEDIUM,63,2.0,2.0,1234,9506,2,7
MEDIUM,23,2.0,2.0,1234,9506,2,0
MEDIUM,77,2.0,2.0,1234,9506,2,1
MEDIUM,31,2.0,2.0,1234,9506,2,1
MEDIUM,14,2.0,2.0,1234,9506,2,6
MEDIUM,1,19.0,3.0,1234,9506,3,0
MEDIUM,3,19.0,3.0,1234,9506,3,2
MEDIUM,16,19.0,3.0,1234,9506,3,2
MEDIUM,11,19.0,3.0,1234,9506,3,5
MEDIUM,55,19.0,3.0,1234,9506,3,2
MEDIUM,81,19.0,3.0,1234,9506,3,2
MEDIUM,20,19.0,3.0,1234,9506,3,0
MEDIUM,27,19.0,3.0,1234,9506,3,0
MEDIUM,44,19.0,3.0,1234,9506,3,8
SOFT,22,19.0,3.0,1234,9506,3,2
MEDIUM,10,19.0,3.0,1234,9506,3,2
MEDIUM,24,19.0,3.0,1234,9506,3,2
SOFT,2,19.0,3.0,1234,9506,3,0
MEDIUM,77,19.0,3.0,1234,9506,3,2
MEDIUM,63,19.0,3.0,1234,9506,3,8
MEDIUM,31,19.0,3.0,1234,9506,3,2
MEDIUM,23,19.0,3.0,1234,9506,3,0
MEDIUM,14,18.0,3.0,1234,9506,3,7
MEDIUM,14,19.0,19.0,1234,9506,4,23
MEDIUM,10,12.0,1.0,1234,9507,1,0
MEDIUM,81,27.0,1.0,1234,9507,1,0
MEDIUM,31,22.0,1.0,1234,9507,1,0
HARD,20,22.0,1.0,1234,9507,1,0
SOFT,77,11.0,1.0,1234,9507,1,0
MEDIUM,1,23.0,1.0,1234,9507,1,0
MEDIUM,4,29.0,1.0,1234,9507,1,0
MEDIUM,16,19.0,1.0,1234,9507,1,0
MEDIUM,22,28.0,1.0,1234,9507,1,0
MEDIUM,11,17.0,1.0,1234,9507,1,0
MEDIUM,63,24.0,1.0,1234,9507,1,3
MEDIUM,18,11.0,1.0,1234,9507,1,0
MEDIUM,27,12.0,1.0,1234,9507,1,0
MEDIUM,2,11.0,1.0,1234,9507,1,0
HARD,14,22.0,1.0,1234,9507,1,1
MEDIUM,23,10.0,1.0,1234,9507,1,0
HARD,3,28.0,1.0,1234,9507,1,0
MEDIUM,24,28.0,1.0,1234,9507,1,0
MEDIUM,55,27.0,1.0,1234,9507,1,0
HARD,44,26.0,1.0,1234,9507,1,0
HARD,23,53.0,11.0,1234,9507,2,0
HARD,18,28.0,12.0,1234,9507,2,1
HARD,2,27.0,12.0,1234,9507,2,0
HARD,77,29.0,12.0,1234,9507,2,0
HARD,10,57.0,13.0,1234,9507,2,0
HARD,27,28.0,13.0,1234,9507,2,0
HARD,11,28.0,18.0,1234,9507,2,0
HARD,16,57.0,20.0,1234,9507,2,0
HARD,31,57.0,23.0,1234,9507,2,0
MEDIUM,14,57.0,23.0,1234,9507,2,1
MEDIUM,20,28.0,23.0,1234,9507,2,0
HARD,1,57.0,24.0,1234,9507,2,0
HARD,63,57.0,25.0,1234,9507,2,0
MEDIUM,44,57.0,27.0,1234,9507,2,3
HARD,55,57.0,28.0,1234,9507,2,0
HARD,81,40.0,28.0,1234,9507,2,0
MEDIUM,11,57.0,29.0,1234,9507,3,5
HARD,22,57.0,29.0,1234,9507,2,0
SOFT,24,57.0,29.0,1234,9507,2,0
MEDIUM,3,57.0,29.0,1234,9507,2,5
MEDIUM,27,57.0,29.0,1234,9507,3,0
MEDIUM,18,57.0,29.0,1234,9507,3,0
MEDIUM,20,31.0,29.0,1234,9507,3,0
HARD,4,57.0,30.0,1234,9507,2,0
MEDIUM,77,57.0,30.0,1234,9507,3,0
MEDIUM,20,57.0,32.0,1234,9507,4,3
MEDIUM,81,57.0,41.0,1234,9507,3,6
SOFT,23,57.0,54.0,1234,9507,3,0
SOFT,14,7.0,1.0,1235,9515,1,0
MEDIUM,18,37.0,1.0,1235,9515,1,1
MEDIUM,22,12.0,1.0,1235,9515,1,0
HARD,24,33.0,1.0,1235,9515,1,0
MEDIUM,31,25.0,1.0,1235,9515,1,0
MEDIUM,77,8.0,1.0,1235,9515,1,0
SOFT,10,8.0,1.0,1235,9515,1,0
MEDIUM,3,11.0,1.0,1235,9515,1,0
MEDIUM,63,21.0,1.0,1235,9515,1,0
MEDIUM,16,25.0,1.0,1235,9515,1,0
MEDIUM,27,13.0,1.0,1235,9515,1,0
MEDIUM,20,37.0,1.0,1235,9515,1,0
HARD,11,37.0,1.0,1235,9515,1,0
HARD,2,31.0,1.0,1235,9515,1,0
MEDIUM,4,22.0,1.0,1235,9515,1,0
MEDIUM,44,27.0,1.0,1235,9515,1,0
MEDIUM,55,27.0,1.0,1235,9515,1,0
MEDIUM,1,24.0,1.0,1235,9515,1,0
MEDIUM,81,23.0,1.0,1235,9515,1,0
MEDIUM,23,8.0,1.0,1235,9515,1,0
HARD,14,40.0,8.0,1235,9515,2,1
HARD,23,9.0,9.0,1235,9515,2,0
HARD,10,30.0,9.0,1235,9515,2,0
HARD,77,62.0,9.0,1235,9515,2,0
MEDIUM,23,23.0,10.0,1235,9515,3,8
HARD,3,62.0,12.0,1235,9515,2,0
HARD,22,62.0,13.0,1235,9515,2,0
HARD,27,62.0,14.0,1235,9515,2,0
HARD,63,52.0,22.0,1235,9515,2,0
HARD,4,63.0,23.0,1235,9515,2,1
HARD,81,63.0,24.0,1235,9515,2,1
HARD,1,63.0,25.0,1235,9515,2,0
MEDIUM,23,28.0,24.0,1235,9515,4,14
HARD,16,63.0,26.0,1235,9515,2,0
HARD,31,62.0,26.0,1235,9515,2,0
HARD,55,63.0,28.0,1235,9515,2,0
HARD,44,63.0,28.0,1235,9515,2,0
MEDIUM,23,51.0,29.0,1235,9515,5,8
MEDIUM,10,62.0,31.0,1235,9515,3,0
MEDIUM,2,62.0,32.0,1235,9515,2,0
MEDIUM,24,62.0,34.0,1235,9515,2,0
MEDIUM,11,63.0,38.0,1235,9515,2,0
HARD,18,63.0,38.0,1235,9515,2,1
HARD,20,62.0,38.0,1235,9515,2,0
MEDIUM,14,59.0,41.0,1235,9515,3,1
MEDIUM,63,63.0,53.0,1235,9515,3,2
SOFT,14,62.0,60.0,1235,9515,4,0
MEDIUM,3,1.0,1.0,1236,9523,1,0
HARD,63,1.0,1.0,1236,9523,1,0
HARD,10,1.0,1.0,1236,9523,1,0
MEDIUM,81,1.0,1.0,1236,9523,1,1
HARD,44,1.0,1.0,1236,9523,1,0
MEDIUM,4,1.0,1.0,1236,9523,1,1
MEDIUM,22,1.0,1.0,1236,9523,1,0
MEDIUM,24,1.0,1.0,1236,9523,1,0
HARD,77,1.0,1.0,1236,9523,1,0
MEDIUM,23,1.0,1.0,1236,9523,1,0
MEDIUM,16,1.0,1.0,1236,9523,1,0
HARD,14,1.0,1.0,1236,9523,1,1
HARD,18,1.0,1.0,1236,9523,1,1
MEDIUM,55,1.0,1.0,1236,9523,1,0
HARD,2,1.0,1.0,1236,9523,1,0
HARD,1,1.0,1.0,1236,9523,1,0
HARD,16,78.0,1.0,1236,9523,2,0
HARD,81,78.0,1.0,1236,9523,2,1
HARD,55,78.0,1.0,1236,9523,2,0
HARD,4,78.0,1.0,1236,9523,2,0
MEDIUM,63,78.0,1.0,1236,9523,2,0
MEDIUM,1,52.0,1.0,1236,9523,2,0
MEDIUM,44,51.0,1.0,1236,9523,2,0
HARD,22,77.0,1.0,1236,9523,2,1
MEDIUM,10,77.0,1.0,1236,9523,2,0
HARD,23,77.0,1.0,1236,9523,2,0
MEDIUM,18,42.0,1.0,1236,9523,2,1
HARD,3,76.0,1.0,1236,9523,2,1
HARD,2,57.0,1.0,1236,9523,2,1
MEDIUM,14,76.0,1.0,1236,9523,2,1
MEDIUM,77,15.0,1.0,1236,9523,2,0
HARD,24,70.0,1.0,1236,9523,2,0
HARD,77,76.0,15.0,1236,9523,3,1
HARD,18,48.0,42.0,1236,9523,3,0
SOFT,18,76.0,48.0,1236,9523,4,0
HARD,44,78.0,51.0,1236,9523,3,0
HARD,1,78.0,52.0,1236,9523,3,0
MEDIUM,2,76.0,57.0,1236,9523,3,0
SOFT,24,76.0,70.0,1236,9523,3,0
INTERMEDIATE,11,25.0,1.0,1237,9531,1,0
INTERMEDIATE,31,44.0,1.0,1237,9531,1,0
INTERMEDIATE,77,42.0,1.0,1237,9531,1,0
INTERMEDIATE,1,25.0,1.0,1237,9531,1,0
WET,27,12.0,1.0,1237,9531,1,0
INTERMEDIATE,2,23.0,1.0,1237,9531,1,0
INTERMEDIATE,22,44.0,1.0,1237,9531,1,0
INTERMEDIATE,3,26.0,1.0,1237,9531,1,0
INTERMEDIATE,23,25.0,1.0,1237,9531,1,0
INTERMEDIATE,63,25.0,1.0,1237,9531,1,0
INTERMEDIATE,18,25.0,1.0,1237,9531,1,0
INTERMEDIATE,4,26.0,1.0,1237,9531,1,0
INTERMEDIATE,24,24.0,1.0,1237,9531,1,0
INTERMEDIATE,44,25.0,1.0,1237,9531,1,0
INTERMEDIATE,14,25.0,1.0,1237,9531,1,0
WET,20,7.0,1.0,1237,9531,1,0
INTERMEDIATE,55,25.0,1.0,1237,9531,1,0
INTERMEDIATE,10,25.0,1.0,1237,9531,1,0
INTERMEDIATE,16,25.0,1.0,1237,9531,1,0
INTERMEDIATE,81,25.0,1.0,1237,9531,1,0
INTERMEDIATE,20,25.0,7.0,1237,9531,2,0
INTERMEDIATE,27,25.0,12.0,1237,9531,2,0
INTERMEDIATE,24,44.0,24.0,1237,9531,2,0
INTERMEDIATE,63,45.0,25.0,1237,9531,2,0
INTERMEDIATE,1,45.0,25.0,1237,9531,2,0
INTERMEDIATE,81,44.0,25.0,1237,9531,2,0
INTERMEDIATE,44,43.0,25.0,1237,9531,2,0
INTERMEDIATE,14,44.0,25.0,1237,9531,2,0
INTERMEDIATE,18,44.0,25.0,1237,9531,2,0
INTERMEDIATE,23,44.0,25.0,1237,9531,2,0
INTERMEDIATE,16,28.0,25.0,1237,9531,2,0
INTERMEDIATE,10,40.0,25.0,1237,9531,2,0
INTERMEDIATE,55,43.0,25.0,1237,9531,2,0
INTERMEDIATE,20,41.0,25.0,1237,9531,3,0
INTERMEDIATE,11,43.0,25.0,1237,9531,2,0
INTERMEDIATE,27,44.0,25.0,1237,9531,3,0
INTERMEDIATE,4,47.0,26.0,1237,9531,2,0
INTERMEDIATE,3,43.0,26.0,1237,9531,2,0
HARD,16,31.0,28.0,1237,9531,3,0
INTERMEDIATE,16,40.0,31.0,1237,9531,4,0
HARD,10,70.0,40.0,1237,9531,3,0
MEDIUM,20,54.0,41.0,1237,9531,4,0
MEDIUM,77,70.0,42.0,1237,9531,2,0
MEDIUM,44,54.0,43.0,1237,9531,3,0
MEDIUM,11,51.0,43.0,1237,9531,3,0
MEDIUM,55,52.0,43.0,1237,9531,3,0
MEDIUM,3,70.0,43.0,1237,9531,3,1
MEDIUM,81,70.0,44.0,1237,9531,3,0
MEDIUM,22,70.0,44.0,1237,9531,2,0
HARD,14,70.0,44.0,1237,9531,3,0
MEDIUM,31,70.0,44.0,1237,9531,2,0
HARD,18,70.0,44.0,1237,9531,3,1
MEDIUM,23,52.0,44.0,1237,9531,3,0
MEDIUM,27,70.0,44.0,1237,9531,4,0
MEDIUM,1,70.0,45.0,1237,9531,3,0
MEDIUM,24,52.0,44.0,1237,9531,3,0
HARD,63,54.0,46.0,1237,9531,3,0
MEDIUM,4,70.0,47.0,1237,9531,3,0
MEDIUM,24,69.0,52.0,1237,9531,4,0
MEDIUM,63,70.0,54.0,1237,9531,4,0
HARD,44,70.0,54.0,1237,9531,4,0
MEDIUM,20,70.0,54.0,1237,9531,5,0
SOFT,63,15.0,1.0,1238,9539,1,3
MEDIUM,23,18.0,1.0,1238,9539,1,0
SOFT,18,17.0,1.0,1238,9539,1,0
SOFT,44,16.0,1.0,1238,9539,1,8
SOFT,3,16.0,1.0,1238,9539,1,0
SOFT,14,19.0,1.0,1238,9539,1,0
SOFT,55,15.0,1.0,1238,9539,1,0
SOFT,4,23.0,1.0,1238,9539,1,0
SOFT,10,14.0,1.0,1238,9539,1,3
SOFT,24,9.0,1.0,1238,9539,1,0
SOFT,81,21.0,1.0,1238,9539,1,3
SOFT,2,14.0,1.0,1238,9539,1,0
SOFT,31,13.0,1.0,1238,9539,1,3
SOFT,20,10.0,1.0,1238,9539,1,0
SOFT,77,11.0,1.0,1238,9539,1,0
SOFT,1,17.0,1.0,1238,9539,1,3
SOFT,27,12.0,1.0,1238,9539,1,0
SOFT,16,24.0,1.0,1238,9539,1,0
SOFT,22,9.0,1.0,1238,9539,1,0
SOFT,11,13.0,1.0,1238,9539,1,3
MEDIUM,22,27.0,10.0,1238,9539,2,0
MEDIUM,24,41.0,10.0,1238,9539,2,0
MEDIUM,20,29.0,11.0,1238,9539,2,0
SOFT,77,28.0,12.0,1238,9539,2,3
MEDIUM,27,38.0,13.0,1238,9539,2,0
MEDIUM,31,37.0,14.0,1238,9539,2,0
SOFT,11,31.0,14.0,1238,9539,2,3
MEDIUM,10,38.0,15.0,1238,9539,2,0
MEDIUM,2,34.0,15.0,1238,9539,2,0
MEDIUM,55,36.0,16.0,1238,9539,2,0
MEDIUM,63,36.0,16.0,1238,9539,2,0
MEDIUM,44,43.0,17.0,1238,9539,2,0
MEDIUM,3,42.0,17.0,1238,9539,2,0
MEDIUM,1,44.0,18.0,1238,9539,2,0
MEDIUM,18,37.0,18.0,1238,9539,2,1
SOFT,23,43.0,19.0,1238,9539,2,0
MEDIUM,14,45.0,20.0,1238,9539,2,1
MEDIUM,81,46.0,22.0,1238,9539,2,0
MEDIUM,4,47.0,24.0,1238,9539,2,0
MEDIUM,16,47.0,25.0,1238,9539,2,0
HARD,22,44.0,28.0,1238,9539,3,0
HARD,77,65.0,29.0,1238,9539,3,0
HARD,20,65.0,30.0,1238,9539,3,0
MEDIUM,11,49.0,32.0,1238,9539,3,0
HARD,2,64.0,35.0,1238,9539,3,0
HARD,63,66.0,37.0,1238,9539,3,0
HARD,55,66.0,37.0,1238,9539,3,0
HARD,31,66.0,38.0,1238,9539,3,0
HARD,18,65.0,38.0,1238,9539,3,1
HARD,10,66.0,39.0,1238,9539,3,0
HARD,27,66.0,39.0,1238,9539,3,0
HARD,24,65.0,42.0,1238,9539,3,0
HARD,3,65.0,43.0,1238,9539,3,0
SOFT,44,66.0,44.0,1238,9539,3,3
SOFT,1,66.0,45.0,1238,9539,3,0
SOFT,23,65.0,44.0,1238,9539,3,0
SOFT,22,65.0,45.0,1238,9539,4,0
HARD,14,65.0,46.0,1238,9539,3,0
SOFT,81,66.0,47.0,1238,9539,3,3
SOFT,4,66.0,48.0,1238,9539,3,0
SOFT,16,66.0,48.0,1238,9539,3,3
SOFT,11,66.0,50.0,1238,9539,4,3
MEDIUM,1,23.0,1.0,1239,9549,1,5
MEDIUM,10,23.0,1.0,1239,9549,1,3
MEDIUM,81,23.0,1.0,1239,9549,1,3
MEDIUM,16,23.0,1.0,1239,9549,1,4
MEDIUM,11,23.0,1.0,1239,9549,1,6
MEDIUM,31,23.0,1.0,1239,9549,1,6
MEDIUM,77,23.0,1.0,1239,9549,1,0
MEDIUM,63,23.0,1.0,1239,9549,1,3
MEDIUM,27,23.0,1.0,1239,9549,1,6
MEDIUM,22,23.0,1.0,1239,9549,1,3
MEDIUM,2,23.0,1.0,1239,9549,1,3
MEDIUM,3,23.0,1.0,1239,9549,1,6
MEDIUM,23,23.0,1.0,1239,9549,1,6
MEDIUM,18,23.0,1.0,1239,9549,1,3
MEDIUM,55,23.0,1.0,1239,9549,1,3
MEDIUM,4,23.0,1.0,1239,9549,1,4
MEDIUM,44,23.0,1.0,1239,9549,1,4
MEDIUM,24,23.0,1.0,1239,9549,1,0
MEDIUM,14,23.0,1.0,1239,9549,1,6
MEDIUM,20,23.0,1.0,1239,9549,1,3
MEDIUM,11,21.0,1.0,1239,9550,1,0
MEDIUM,31,19.0,1.0,1239,9550,1,0
MEDIUM,77,19.0,1.0,1239,9550,1,0
MEDIUM,63,22.0,1.0,1239,9550,1,0
MEDIUM,1,23.0,1.0,1239,9550,1,0
MEDIUM,27,11.0,1.0,1239,9550,1,0
MEDIUM,22,21.0,1.0,1239,9550,1,0
MEDIUM,2,1.0,1.0,1239,9550,1,0
MEDIUM,23,12.0,1.0,1239,9550,1,0
MEDIUM,3,10.0,1.0,1239,9550,1,0
MEDIUM,18,20.0,1.0,1239,9550,1,1
MEDIUM,4,23.0,1.0,1239,9550,1,0
MEDIUM,44,21.0,1.0,1239,9550,1,0
HARD,24,28.0,1.0,1239,9550,1,0
MEDIUM,14,11.0,1.0,1239,9550,1,3
MEDIUM,20,10.0,1.0,1239,9550,1,0
MEDIUM,55,22.0,1.0,1239,9550,1,0
MEDIUM,10,20.0,1.0,1239,9550,1,0
MEDIUM,81,25.0,1.0,1239,9550,1,0
MEDIUM,16,1.0,1.0,1239,9550,1,0
HARD,16,16.0,2.0,1239,9550,2,0
MEDIUM,2,20.0,2.0,1239,9550,2,0
HARD,20,38.0,11.0,1239,9550,2,0
HARD,3,37.0,11.0,1239,9550,2,0
HARD,27,39.0,12.0,1239,9550,2,0
MEDIUM,14,35.0,12.0,1239,9550,2,0
HARD,23,39.0,13.0,1239,9550,2,0
MEDIUM,16,33.0,17.0,1239,9550,3,0
HARD,31,43.0,20.0,1239,9550,2,0
HARD,77,42.0,20.0,1239,9550,2,0
HARD,10,42.0,21.0,1239,9550,2,0
MEDIUM,18,43.0,21.0,1239,9550,2,0
HARD,2,49.0,21.0,1239,9550,3,0
HARD,44,53.0,22.0,1239,9550,2,0
HARD,11,51.0,22.0,1239,9550,2,0
HARD,22,44.0,22.0,1239,9550,2,0
HARD,55,47.0,23.0,1239,9550,2,0
MEDIUM,63,46.0,23.0,1239,9550,2,0
HARD,1,51.0,24.0,1239,9550,2,0
HARD,4,51.0,24.0,1239,9550,2,0
HARD,81,51.0,26.0,1239,9550,2,0
MEDIUM,24,51.0,29.0,1239,9550,2,0
MEDIUM,16,51.0,34.0,1239,9550,4,1
HARD,14,68.0,36.0,1239,9550,3,1
HARD,3,71.0,38.0,1239,9550,3,0
HARD,20,71.0,39.0,1239,9550,3,0
HARD,27,71.0,40.0,1239,9550,3,0
HARD,23,70.0,40.0,1239,9550,3,0
MEDIUM,10,71.0,43.0,1239,9550,3,0
HARD,77,70.0,43.0,1239,9550,3,0
MEDIUM,31,71.0,44.0,1239,9550,3,0
HARD,18,70.0,44.0,1239,9550,3,1
HARD,22,70.0,45.0,1239,9550,3,0
HARD,63,71.0,47.0,1239,9550,3,0
MEDIUM,55,71.0,48.0,1239,9550,3,0
MEDIUM,2,69.0,50.0,1239,9550,4,0
MEDIUM,1,64.0,52.0,1239,9550,3,3
MEDIUM,4,64.0,52.0,1239,9550,3,0
MEDIUM,81,71.0,52.0,1239,9550,3,0
MEDIUM,11,71.0,52.0,1239,9550,3,5
MEDIUM,16,71.0,52.0,1239,9550,5,6
HARD,24,70.0,52.0,1239,9550,3,0
MEDIUM,44,71.0,54.0,1239,9550,3,0
SOFT,1,71.0,65.0,1239,9550,4,0
SOFT,14,70.0,69.0,1239,9550,4,0
MEDIUM,77,26.0,1.0,1240,9558,1,0
MEDIUM,3,26.0,1.0,1240,9558,1,0
SOFT,24,12.0,1.0,1240,9558,1,0
SOFT,31,19.0,1.0,1240,9558,1,0
MEDIUM,22,27.0,1.0,1240,9558,1,0
MEDIUM,4,27.0,1.0,1240,9558,1,0
MEDIUM,81,28.0,1.0,1240,9558,1,0
MEDIUM,23,27.0,1.0,1240,9558,1,0
MEDIUM,14,27.0,1.0,1240,9558,1,0
MEDIUM,1,26.0,1.0,1240,9558,1,0
MEDIUM,16,19.0,1.0,1240,9558,1,0
MEDIUM,63,27.0,1.0,1240,9558,1,0
MEDIUM,20,27.0,1.0,1240,9558,1,0
MEDIUM,27,26.0,1.0,1240,9558,1,0
MEDIUM,18,26.0,1.0,1240,9558,1,0
HARD,11,19.0,1.0,1240,9558,1,0
MEDIUM,2,27.0,1.0,1240,9558,1,0
MEDIUM,44,27.0,1.0,1240,9558,1,0
MEDIUM,55,26.0,1.0,1240,9558,1,0
MEDIUM,24,19.0,13.0,1240,9558,2,0
INTERMEDIATE,16,27.0,20.0,1240,9558,2,0
INTERMEDIATE,11,28.0,20.0,1240,9558,2,0
INTERMEDIATE,31,21.0,20.0,1240,9558,2,0
INTERMEDIATE,24,26.0,20.0,1240,9558,3,0
MEDIUM,31,26.0,22.0,1240,9558,3,0
INTERMEDIATE,1,38.0,27.0,1240,9558,2,0
INTERMEDIATE,55,39.0,27.0,1240,9558,2,0
INTERMEDIATE,27,39.0,27.0,1240,9558,2,0
INTERMEDIATE,18,39.0,27.0,1240,9558,2,0
INTERMEDIATE,3,37.0,27.0,1240,9558,2,0
INTERMEDIATE,77,37.0,27.0,1240,9558,2,0
INTERMEDIATE,4,39.0,28.0,1240,9558,2,0
INTERMEDIATE,44,38.0,28.0,1240,9558,2,0
INTERMEDIATE,63,33.0,28.0,1240,9558,2,0
INTERMEDIATE,14,38.0,28.0,1240,9558,2,0
INTERMEDIATE,22,38.0,28.0,1240,9558,2,0
INTERMEDIATE,23,38.0,28.0,1240,9558,2,0
INTERMEDIATE,31,38.0,27.0,1240,9558,4,0
INTERMEDIATE,20,37.0,28.0,1240,9558,2,0
INTERMEDIATE,2,38.0,28.0,1240,9558,2,0
INTERMEDIATE,24,37.0,27.0,1240,9558,4,0
INTERMEDIATE,81,38.0,29.0,1240,9558,2,0
INTERMEDIATE,16,37.0,28.0,1240,9558,3,0
INTERMEDIATE,11,37.0,29.0,1240,9558,3,0
SOFT,20,52.0,38.0,1240,9558,3,0
SOFT,3,51.0,38.0,1240,9558,3,0
SOFT,77,51.0,38.0,1240,9558,3,0
SOFT,44,52.0,39.0,1240,9558,3,0
HARD,1,52.0,39.0,1240,9558,3,0
MEDIUM,81,52.0,39.0,1240,9558,3,0
SOFT,16,51.0,38.0,1240,9558,4,0
MEDIUM,11,47.0,38.0,1240,9558,4,0
MEDIUM,14,52.0,39.0,1240,9558,3,0
SOFT,22,52.0,39.0,1240,9558,3,0
MEDIUM,23,52.0,39.0,1240,9558,3,0
SOFT,2,52.0,39.0,1240,9558,3,0
SOFT,4,52.0,40.0,1240,9558,3,2
SOFT,24,50.0,38.0,1240,9558,5,1
HARD,55,50.0,40.0,1240,9558,3,0
SOFT,27,52.0,40.0,1240,9558,3,3
MEDIUM,18,52.0,40.0,1240,9558,3,0
MEDIUM,31,50.0,39.0,1240,9558,5,0
SOFT,11,50.0,48.0,1240,9558,5,0
SOFT,55,52.0,51.0,1240,9558,4,3
MEDIUM,77,16.0,1.0,1241,9566,1,1
HARD,63,33.0,1.0,1241,9566,1,0
MEDIUM,1,21.0,1.0,1241,9566,1,0
MEDIUM,27,2.0,1.0,1241,9566,1,0
MEDIUM,22,29.0,1.0,1241,9566,1,0
MEDIUM,2,8.0,1.0,1241,9566,1,0
MEDIUM,3,7.0,1.0,1241,9566,1,0
SOFT,23,6.0,1.0,1241,9566,1,0
SOFT,18,14.0,1.0,1241,9566,1,3
MEDIUM,4,17.0,1.0,1241,9566,1,0
MEDIUM,44,16.0,1.0,1241,9566,1,0
MEDIUM,24,7.0,1.0,1241,9566,1,1
SOFT,14,7.0,1.0,1241,9566,1,2
SOFT,20,6.0,1.0,1241,9566,1,0
MEDIUM,55,21.0,1.0,1241,9566,1,0
MEDIUM,31,6.0,1.0,1241,9566,1,0
HARD,10,28.0,1.0,1241,9566,1,0
MEDIUM,81,18.0,1.0,1241,9566,1,0
MEDIUM,16,23.0,1.0,1241,9566,1,0
HARD,11,28.0,1.0,1241,9566,1,0
HARD,27,29.0,3.0,1241,9566,2,0
HARD,31,30.0,7.0,1241,9566,2,0
HARD,23,29.0,7.0,1241,9566,2,0
HARD,20,34.0,7.0,1241,9566,2,0
MEDIUM,14,37.0,8.0,1241,9566,2,1
HARD,3,28.0,8.0,1241,9566,2,0
HARD,24,36.0,8.0,1241,9566,2,0
HARD,2,33.0,9.0,1241,9566,2,0
MEDIUM,18,45.0,15.0,1241,9566,2,1
HARD,44,40.0,17.0,1241,9566,2,0
HARD,77,45.0,17.0,1241,9566,2,0
HARD,4,45.0,18.0,1241,9566,2,1
HARD,81,47.0,19.0,1241,9566,2,1
HARD,1,49.0,22.0,1241,9566,2,0
HARD,55,47.0,22.0,1241,9566,2,0
HARD,16,40.0,24.0,1241,9566,2,0
MEDIUM,11,47.0,29.0,1241,9566,2,0
MEDIUM,10,33.0,29.0,1241,9566,2,0
HARD,3,69.0,29.0,1241,9566,3,0
HARD,22,70.0,30.0,1241,9566,2,0
HARD,27,69.0,30.0,1241,9566,3,0
HARD,23,69.0,30.0,1241,9566,3,0
HARD,31,64.0,31.0,1241,9566,3,0
MEDIUM,63,53.0,34.0,1241,9566,2,0
HARD,2,63.0,34.0,1241,9566,3,0
HARD,20,69.0,35.0,1241,9566,3,0
HARD,24,69.0,37.0,1241,9566,3,0
HARD,14,70.0,38.0,1241,9566,3,1
MEDIUM,16,70.0,41.0,1241,9566,3,0
HARD,44,70.0,41.0,1241,9566,3,0
MEDIUM,4,70.0,46.0,1241,9566,3,1
HARD,18,70.0,46.0,1241,9566,3,1
HARD,77,69.0,46.0,1241,9566,3,0
MEDIUM,81,70.0,48.0,1241,9566,3,1
MEDIUM,55,70.0,48.0,1241,9566,3,0
MEDIUM,11,70.0,48.0,1241,9566,3,0
MEDIUM,1,70.0,50.0,1241,9566,3,0
HARD,63,70.0,54.0,1241,9566,3,0
SOFT,2,69.0,64.0,1241,9566,4,0
SOFT,31,69.0,65.0,1241,9566,4,0
MEDIUM,14,13.0,1.0,1242,9574,1,0
MEDIUM,63,10.0,1.0,1242,9574,1,0
MEDIUM,27,7.0,1.0,1242,9574,1,0
MEDIUM,18,12.0,1.0,1242,9574,1,0
MEDIUM,31,12.0,1.0,1242,9574,1,0
MEDIUM,22,15.0,1.0,1242,9574,1,0
MEDIUM,44,11.0,1.0,1242,9574,1,0
MEDIUM,20,17.0,1.0,1242,9574,1,0
MEDIUM,10,9.0,1.0,1242,9574,1,0
MEDIUM,1,10.0,1.0,1242,9574,1,0
SOFT,3,8.0,1.0,1242,9574,1,0
MEDIUM,11,11.0,1.0,1242,9574,1,0
MEDIUM,16,12.0,1.0,1242,9574,1,0
HARD,55,20.0,1.0,1242,9574,1,0
MEDIUM,77,11.0,1.0,1242,9574,1,0
HARD,24,5.0,1.0,1242,9574,1,0
MEDIUM,2,8.0,1.0,1242,9574,1,0
MEDIUM,4,15.0,1.0,1242,9574,1,0
MEDIUM,81,11.0,1.0,1242,9574,1,0
MEDIUM,23,8.0,1.0,1242,9574,1,0
HARD,27,20.0,8.0,1242,9574,2,0
MEDIUM,23,23.0,9.0,1242,9574,2,0
MEDIUM,3,21.0,9.0,1242,9574,2,0
MEDIUM,2,24.0,9.0,1242,9574,2,0
HARD,10,28.0,10.0,1242,9574,2,0
HARD,63,44.0,11.0,1242,9574,2,0
HARD,1,28.0,11.0,1242,9574,2,0
HARD,44,26.0,12.0,1242,9574,2,0
MEDIUM,11,21.0,12.0,1242,9574,2,0
HARD,81,30.0,12.0,1242,9574,2,0
HARD,77,35.0,12.0,1242,9574,2,0
HARD,16,25.0,13.0,1242,9574,2,0
HARD,31,30.0,13.0,1242,9574,2,0
HARD,18,44.0,13.0,1242,9574,2,0
HARD,14,44.0,14.0,1242,9574,2,0
HARD,4,29.0,16.0,1242,9574,2,0
HARD,22,44.0,16.0,1242,9574,2,1
HARD,20,44.0,18.0,1242,9574,2,0
MEDIUM,55,28.0,21.0,1242,9574,2,0
MEDIUM,27,44.0,21.0,1242,9574,3,0
HARD,11,42.0,22.0,1242,9574,3,0
HARD,3,44.0,22.0,1242,9574,3,1
HARD,23,44.0,24.0,1242,9574,3,0
HARD,2,44.0,25.0,1242,9574,3,0
HARD,16,44.0,26.0,1242,9574,3,0
HARD,44,44.0,27.0,1242,9574,3,0
MEDIUM,1,44.0,29.0,1242,9574,3,0
HARD,55,44.0,29.0,1242,9574,3,0
HARD,10,44.0,29.0,1242,9574,3,0
HARD,4,44.0,30.0,1242,9574,3,0
HARD,81,44.0,31.0,1242,9574,3,0
HARD,31,44.0,31.0,1242,9574,3,0
MEDIUM,77,44.0,36.0,1242,9574,3,0
SOFT,11,44.0,43.0,1242,9574,4,0
MEDIUM,14,45.0,45.0,1242,9574,3,0
SOFT,3,45.0,45.0,1242,9574,4,0
MEDIUM,18,45.0,45.0,1242,9574,3,0
SOFT,22,45.0,45.0,1242,9574,3,0
SOFT,77,15.0,1.0,1243,9582,1,0
MEDIUM,1,27.0,1.0,1243,9582,1,0
MEDIUM,27,14.0,1.0,1243,9582,1,0
SOFT,22,14.0,1.0,1243,9582,1,0
MEDIUM,2,22.0,1.0,1243,9582,1,0
MEDIUM,3,29.0,1.0,1243,9582,1,0
MEDIUM,23,12.0,1.0,1243,9582,1,0
MEDIUM,63,25.0,1.0,1243,9582,1,0
MEDIUM,18,30.0,1.0,1243,9582,1,0
MEDIUM,24,18.0,1.0,1243,9582,1,0
SOFT,44,23.0,1.0,1243,9582,1,0
MEDIUM,14,31.0,1.0,1243,9582,1,0
HARD,20,40.0,1.0,1243,9582,1,0
MEDIUM,4,28.0,1.0,1243,9582,1,0
MEDIUM,55,30.0,1.0,1243,9582,1,0
MEDIUM,10,32.0,1.0,1243,9582,1,0
MEDIUM,81,33.0,1.0,1243,9582,1,0
MEDIUM,16,24.0,1.0,1243,9582,1,0
MEDIUM,11,29.0,1.0,1243,9582,1,0
MEDIUM,31,30.0,1.0,1243,9582,1,0
HARD,23,54.0,13.0,1243,9582,2,0
MEDIUM,22,32.0,15.0,1243,9582,2,0
HARD,27,71.0,15.0,1243,9582,2,0
HARD,77,43.0,16.0,1243,9582,2,0
HARD,24,51.0,19.0,1243,9582,2,0
HARD,2,71.0,23.0,1243,9582,2,0
HARD,44,48.0,24.0,1243,9582,2,0
HARD,16,72.0,25.0,1243,9582,2,0
HARD,63,54.0,26.0,1243,9582,2,0
HARD,1,72.0,28.0,1243,9582,2,0
HARD,4,72.0,29.0,1243,9582,2,0
HARD,11,72.0,30.0,1243,9582,2,0
HARD,3,71.0,30.0,1243,9582,2,0
HARD,55,72.0,31.0,1243,9582,2,0
HARD,18,71.0,31.0,1243,9582,2,0
HARD,31,71.0,31.0,1243,9582,2,0
HARD,14,71.0,32.0,1243,9582,2,0
HARD,10,71.0,33.0,1243,9582,2,0
HARD,22,71.0,33.0,1243,9582,3,0
HARD,81,72.0,34.0,1243,9582,2,0
MEDIUM,20,71.0,41.0,1243,9582,2,0
MEDIUM,77,70.0,44.0,1243,9582,3,0
SOFT,44,72.0,49.0,1243,9582,3,0
SOFT,24,70.0,52.0,1243,9582,3,0
SOFT,63,72.0,55.0,1243,9582,3,3
MEDIUM,23,71.0,55.0,1243,9582,3,0
HARD,18,19.0,1.0,1244,9590,1,1
HARD,31,31.0,1.0,1244,9590,1,0
HARD,22,7.0,1.0,1244,9590,1,1
MEDIUM,44,15.0,1.0,1244,9590,1,0
HARD,77,33.0,1.0,1244,9590,1,1
MEDIUM,4,14.0,1.0,1244,9590,1,0
MEDIUM,10,10.0,1.0,1244,9590,1,0
MEDIUM,24,15.0,1.0,1244,9590,1,1
MEDIUM,81,16.0,1.0,1244,9590,1,0
MEDIUM,3,11.0,1.0,1244,9590,1,0
MEDIUM,14,12.0,1.0,1244,9590,1,1
MEDIUM,63,11.0,1.0,1244,9590,1,0
MEDIUM,16,15.0,1.0,1244,9590,1,0
HARD,11,23.0,1.0,1244,9590,1,0
MEDIUM,55,19.0,1.0,1244,9590,1,0
MEDIUM,20,14.0,1.0,1244,9590,1,0
MEDIUM,23,17.0,1.0,1244,9590,1,0
HARD,1,22.0,1.0,1244,9590,1,0
MEDIUM,43,16.0,1.0,1244,9590,1,0
MEDIUM,27,5.0,1.0,1244,9590,1,0
HARD,27,32.0,6.0,1244,9590,2,0
HARD,10,30.0,11.0,1244,9590,2,0
HARD,63,33.0,12.0,1244,9590,2,0
HARD,3,53.0,12.0,1244,9590,2,1
HARD,14,35.0,13.0,1244,9590,2,1
HARD,4,32.0,15.0,1244,9590,2,0
HARD,20,53.0,15.0,1244,9590,2,0
HARD,16,53.0,16.0,1244,9590,2,0
HARD,44,37.0,16.0,1244,9590,2,0
HARD,24,52.0,16.0,1244,9590,2,1
HARD,81,38.0,17.0,1244,9590,2,0
HARD,43,53.0,17.0,1244,9590,2,0
HARD,23,53.0,18.0,1244,9590,2,0
HARD,55,53.0,20.0,1244,9590,2,0
HARD,18,36.0,20.0,1244,9590,2,1
HARD,1,41.0,23.0,1244,9590,2,0
HARD,11,35.0,24.0,1244,9590,2,0
HARD,10,52.0,31.0,1244,9590,3,0
MEDIUM,31,52.0,32.0,1244,9590,2,0
HARD,4,53.0,33.0,1244,9590,3,0
HARD,27,52.0,33.0,1244,9590,3,0
HARD,63,53.0,34.0,1244,9590,3,0
MEDIUM,77,52.0,34.0,1244,9590,2,1
MEDIUM,11,53.0,36.0,1244,9590,3,0
HARD,14,53.0,36.0,1244,9590,3,2
MEDIUM,18,50.0,37.0,1244,9590,3,1
HARD,44,53.0,38.0,1244,9590,3,0
HARD,81,53.0,39.0,1244,9590,3,0
MEDIUM,1,53.0,42.0,1244,9590,3,0
SOFT,18,52.0,51.0,1244,9590,4,0
MEDIUM,18,1.0,1.0,1245,9598,1,1
MEDIUM,44,12.0,1.0,1245,9598,1,0
HARD,3,49.0,1.0,1245,9598,1,1
MEDIUM,14,11.0,1.0,1245,9598,1,1
MEDIUM,22,12.0,1.0,1245,9598,1,1
HARD,4,37.0,1.0,1245,9598,1,0
HARD,24,34.0,1.0,1245,9598,1,1
MEDIUM,55,17.0,1.0,1245,9598,1,0
MEDIUM,11,13.0,1.0,1245,9598,1,0
HARD,31,49.0,1.0,1245,9598,1,3
MEDIUM,50,14.0,1.0,1245,9598,1,0
MEDIUM,1,12.0,1.0,1245,9598,1,0
MEDIUM,77,11.0,1.0,1245,9598,1,1
MEDIUM,43,10.0,1.0,1245,9598,1,0
HARD,10,50.0,1.0,1245,9598,1,0
MEDIUM,81,15.0,1.0,1245,9598,1,0
HARD,23,31.0,1.0,1245,9598,1,0
MEDIUM,63,12.0,1.0,1245,9598,1,0
MEDIUM,16,16.0,1.0,1245,9598,1,0
MEDIUM,27,15.0,1.0,1245,9598,1,0
HARD,18,22.0,2.0,1245,9598,2,1
HARD,43,51.0,11.0,1245,9598,2,0
HARD,14,51.0,12.0,1245,9598,2,0
HARD,77,50.0,12.0,1245,9598,2,1
HARD,1,49.0,13.0,1245,9598,2,0
HARD,63,51.0,13.0,1245,9598,2,0
HARD,44,51.0,13.0,1245,9598,2,0
HARD,22,14.0,13.0,1245,9598,2,1
HARD,11,49.0,14.0,1245,9598,2,0
HARD,50,51.0,15.0,1245,9598,2,0
HARD,81,51.0,16.0,1245,9598,2,0
HARD,27,51.0,16.0,1245,9598,2,0
HARD,16,51.0,17.0,1245,9598,2,0
HARD,55,49.0,18.0,1245,9598,2,0
HARD,18,45.0,23.0,1245,9598,3,0
MEDIUM,23,51.0,32.0,1245,9598,2,0
MEDIUM,24,51.0,35.0,1245,9598,2,1
MEDIUM,4,51.0,38.0,1245,9598,2,0
SOFT,1,51.0,50.0,1245,9598,3,3
SOFT,3,51.0,50.0,1245,9598,2,0
SOFT,31,50.0,50.0,1245,9598,2,0
SOFT,10,51.0,51.0,1245,9598,2,0
MEDIUM,31,29.0,1.0,1246,9606,1,0
MEDIUM,22,33.0,1.0,1246,9606,1,0
MEDIUM,11,28.0,1.0,1246,9606,1,0
SOFT,44,17.0,1.0,1246,9606,1,2
MEDIUM,10,37.0,1.0,1246,9606,1,0
MEDIUM,1,29.0,1.0,1246,9606,1,0
MEDIUM,14,25.0,1.0,1246,9606,1,1
HARD,18,26.0,1.0,1246,9606,1,1
MEDIUM,16,36.0,1.0,1246,9606,1,0
HARD,20,28.0,1.0,1246,9606,1,0
MEDIUM,55,13.0,1.0,1246,9606,1,0
HARD,77,33.0,1.0,1246,9606,1,0
MEDIUM,4,30.0,1.0,1246,9606,1,0
HARD,24,34.0,1.0,1246,9606,1,0
MEDIUM,81,38.0,1.0,1246,9606,1,0
SOFT,3,10.0,1.0,1246,9606,1,0
MEDIUM,23,11.0,1.0,1246,9606,1,0
MEDIUM,43,29.0,1.0,1246,9606,1,0
MEDIUM,27,29.0,1.0,1246,9606,1,0
MEDIUM,63,27.0,1.0,1246,9606,1,0
MEDIUM,3,46.0,11.0,1246,9606,2,0
HARD,23,15.0,12.0,1246,9606,2,0
HARD,55,62.0,14.0,1246,9606,2,0
HARD,44,62.0,18.0,1246,9606,2,0
HARD,14,61.0,26.0,1246,9606,2,1
MEDIUM,18,61.0,27.0,1246,9606,2,1
HARD,63,62.0,28.0,1246,9606,2,0
HARD,11,61.0,29.0,1246,9606,2,0
MEDIUM,20,49.0,29.0,1246,9606,2,0
HARD,1,62.0,30.0,1246,9606,2,0
HARD,43,61.0,30.0,1246,9606,2,0
HARD,27,61.0,30.0,1246,9606,2,0
HARD,31,61.0,30.0,1246,9606,2,0
HARD,4,62.0,31.0,1246,9606,2,0
SOFT,22,61.0,34.0,1246,9606,2,0
MEDIUM,77,61.0,34.0,1246,9606,2,0
MEDIUM,24,61.0,35.0,1246,9606,2,0
HARD,16,62.0,37.0,1246,9606,2,0
SOFT,10,61.0,38.0,1246,9606,2,0
HARD,81,62.0,39.0,1246,9606,2,0
SOFT,3,58.0,47.0,1246,9606,3,0
SOFT,20,57.0,50.0,1246,9606,3,0
SOFT,3,61.0,59.0,1246,9606,4,3
MEDIUM,14,19.0,1.0,1247,9616,1,3
MEDIUM,4,19.0,1.0,1247,9616,1,5
MEDIUM,24,19.0,1.0,1247,9616,1,0
MEDIUM,30,19.0,1.0,1247,9616,1,3
MEDIUM,55,19.0,1.0,1247,9616,1,3
MEDIUM,10,19.0,1.0,1247,9616,1,3
MEDIUM,81,19.0,1.0,1247,9616,1,0
MEDIUM,11,19.0,1.0,1247,9616,1,3
MEDIUM,20,19.0,1.0,1247,9616,1,5
MEDIUM,31,19.0,1.0,1247,9616,1,0
MEDIUM,77,19.0,1.0,1247,9616,1,6
MEDIUM,1,19.0,1.0,1247,9616,1,3
MEDIUM,27,19.0,1.0,1247,9616,1,5
MEDIUM,16,19.0,1.0,1247,9616,1,3
MEDIUM,22,19.0,1.0,1247,9616,1,0
MEDIUM,23,19.0,1.0,1247,9616,1,0
MEDIUM,63,19.0,1.0,1247,9616,1,5
MEDIUM,43,19.0,1.0,1247,9616,1,4
MEDIUM,18,19.0,1.0,1247,9616,1,3
MEDIUM,44,19.0,1.0,1247,9616,1,4
MEDIUM,22,18.0,1.0,1247,9617,1,0
MEDIUM,4,31.0,1.0,1247,9617,1,0
HARD,44,1.0,1.0,1247,9617,1,0
MEDIUM,55,21.0,1.0,1247,9617,1,0
MEDIUM,11,26.0,1.0,1247,9617,1,0
MEDIUM,24,13.0,1.0,1247,9617,1,0
MEDIUM,77,15.0,1.0,1247,9617,1,0
MEDIUM,10,18.0,1.0,1247,9617,1,0
MEDIUM,1,25.0,1.0,1247,9617,1,0
MEDIUM,81,32.0,1.0,1247,9617,1,0
HARD,30,36.0,1.0,1247,9617,1,0
MEDIUM,14,26.0,1.0,1247,9617,1,0
MEDIUM,16,26.0,1.0,1247,9617,1,0
MEDIUM,27,27.0,1.0,1247,9617,1,0
HARD,63,40.0,1.0,1247,9617,1,0
MEDIUM,31,31.0,1.0,1247,9617,1,0
HARD,18,27.0,1.0,1247,9617,1,1
MEDIUM,20,17.0,1.0,1247,9617,1,0
MEDIUM,23,3.0,1.0,1247,9617,1,0
HARD,43,39.0,1.0,1247,9617,1,0
MEDIUM,23,33.0,4.0,1247,9617,2,0
MEDIUM,24,35.0,14.0,1247,9617,2,0
HARD,77,55.0,16.0,1247,9617,2,0
HARD,20,38.0,18.0,1247,9617,2,0
HARD,10,56.0,19.0,1247,9617,2,0
HARD,22,55.0,19.0,1247,9617,2,0
HARD,55,56.0,22.0,1247,9617,2,0
HARD,1,56.0,26.0,1247,9617,2,0
HARD,16,56.0,27.0,1247,9617,2,0
HARD,11,56.0,27.0,1247,9617,2,0
HARD,14,55.0,27.0,1247,9617,2,1
HARD,27,56.0,28.0,1247,9617,2,0
MEDIUM,18,55.0,28.0,1247,9617,2,0
HARD,4,56.0,32.0,1247,9617,2,0
HARD,31,51.0,32.0,1247,9617,2,0
HARD,81,56.0,33.0,1247,9617,2,0
HARD,23,55.0,34.0,1247,9617,3,0
HARD,24,55.0,36.0,1247,9617,3,0
MEDIUM,30,56.0,37.0,1247,9617,2,0
MEDIUM,20,56.0,39.0,1247,9617,3,0
MEDIUM,43,56.0,40.0,1247,9617,2,0
MEDIUM,63,56.0,41.0,1247,9617,2,0
SOFT,31,55.0,52.0,1247,9617,3,3
MEDIUM,18,26.0,1.0,1248,9625,1,1
HARD,24,43.0,1.0,1248,9625,1,1
MEDIUM,44,28.0,1.0,1248,9625,1,0
MEDIUM,14,15.0,1.0,1248,9625,1,1
MEDIUM,20,30.0,1.0,1248,9625,1,0
MEDIUM,55,32.0,1.0,1248,9625,1,0
MEDIUM,4,30.0,1.0,1248,9625,1,0
MEDIUM,10,28.0,1.0,1248,9625,1,0
MEDIUM,81,39.0,1.0,1248,9625,1,0
HARD,30,39.0,1.0,1248,9625,1,0
HARD,11,20.0,1.0,1248,9625,1,0
HARD,31,48.0,1.0,1248,9625,1,0
HARD,77,49.0,1.0,1248,9625,1,1
MEDIUM,1,26.0,1.0,1248,9625,1,0
MEDIUM,27,29.0,1.0,1248,9625,1,0
MEDIUM,16,31.0,1.0,1248,9625,1,0
HARD,43,47.0,1.0,1248,9625,1,0
MEDIUM,63,31.0,1.0,1248,9625,1,0
MEDIUM,11,43.0,21.0,1248,9625,2,0
HARD,1,71.0,27.0,1248,9625,2,0
HARD,18,70.0,27.0,1248,9625,2,1
HARD,44,71.0,29.0,1248,9625,2,0
HARD,10,70.0,29.0,1248,9625,2,0
HARD,27,70.0,30.0,1248,9625,2,0
HARD,4,71.0,31.0,1248,9625,2,0
HARD,20,71.0,31.0,1248,9625,2,0
HARD,16,69.0,32.0,1248,9625,2,0
HARD,63,71.0,32.0,1248,9625,2,0
HARD,55,71.0,33.0,1248,9625,2,0
HARD,81,71.0,40.0,1248,9625,2,0
MEDIUM,30,65.0,40.0,1248,9625,2,0
MEDIUM,24,70.0,44.0,1248,9625,2,1
MEDIUM,11,68.0,44.0,1248,9625,3,0
MEDIUM,43,70.0,48.0,1248,9625,2,0
MEDIUM,31,70.0,49.0,1248,9625,2,0
MEDIUM,77,70.0,50.0,1248,9625,2,0
SOFT,30,70.0,66.0,1248,9625,3,0
SOFT,16,71.0,70.0,1248,9625,3,0
SOFT,11,70.0,69.0,1248,9625,4,0
MEDIUM,81,24.0,1.0,1249,9635,1,4
MEDIUM,4,24.0,1.0,1249,9635,1,3
MEDIUM,30,24.0,1.0,1249,9635,1,0
MEDIUM,1,24.0,1.0,1249,9635,1,3
MEDIUM,23,24.0,1.0,1249,9635,1,3
MEDIUM,43,24.0,1.0,1249,9635,1,3
MEDIUM,14,24.0,1.0,1249,9635,1,6
MEDIUM,16,24.0,1.0,1249,9635,1,6
MEDIUM,27,19.0,1.0,1249,9635,1,5
MEDIUM,18,24.0,1.0,1249,9635,1,6
MEDIUM,55,24.0,1.0,1249,9635,1,3
MEDIUM,11,24.0,1.0,1249,9635,1,4
MEDIUM,31,24.0,1.0,1249,9635,1,6
MEDIUM,22,24.0,1.0,1249,9635,1,3
MEDIUM,44,24.0,1.0,1249,9635,1,7
MEDIUM,24,24.0,1.0,1249,9635,1,5
MEDIUM,77,24.0,1.0,1249,9635,1,6
MEDIUM,10,24.0,1.0,1249,9635,1,0
MEDIUM,50,24.0,1.0,1249,9635,1,6
MEDIUM,63,24.0,1.0,1249,9635,1,6
INTERMEDIATE,43,26.0,1.0,1249,9636,1,0
INTERMEDIATE,4,28.0,1.0,1249,9636,1,4
INTERMEDIATE,55,27.0,1.0,1249,9636,1,0
INTERMEDIATE,24,27.0,1.0,1249,9636,1,0
INTERMEDIATE,30,28.0,1.0,1249,9636,1,0
INTERMEDIATE,44,27.0,1.0,1249,9636,1,0
INTERMEDIATE,50,27.0,1.0,1249,9636,1,0
INTERMEDIATE,14,27.0,1.0,1249,9636,1,0
INTERMEDIATE,10,32.0,1.0,1249,9636,1,0
INTERMEDIATE,16,24.0,1.0,1249,9636,1,2
INTERMEDIATE,81,27.0,1.0,1249,9636,1,2
INTERMEDIATE,11,27.0,1.0,1249,9636,1,0
INTERMEDIATE,31,32.0,1.0,1249,9636,1,2
INTERMEDIATE,77,32.0,1.0,1249,9636,1,0
INTERMEDIATE,63,28.0,1.0,1249,9636,1,3
INTERMEDIATE,1,32.0,1.0,1249,9636,1,0
INTERMEDIATE,27,25.0,1.0,1249,9636,1,0
INTERMEDIATE,22,28.0,1.0,1249,9636,1,3
INTERMEDIATE,16,32.0,25.0,1249,9636,2,3
INTERMEDIATE,27,27.0,26.0,1249,9636,2,0
INTERMEDIATE,43,30.0,27.0,1249,9636,2,0
INTERMEDIATE,81,32.0,28.0,1249,9636,2,4
INTERMEDIATE,14,32.0,28.0,1249,9636,2,3
INTERMEDIATE,44,32.0,28.0,1249,9636,2,0
INTERMEDIATE,50,32.0,28.0,1249,9636,2,0
INTERMEDIATE,55,32.0,28.0,1249,9636,2,0
WET,11,32.0,28.0,1249,9636,2,5
INTERMEDIATE,24,28.0,28.0,1249,9636,2,0
INTERMEDIATE,4,32.0,29.0,1249,9636,2,4
INTERMEDIATE,63,32.0,29.0,1249,9636,2,3
WET,22,32.0,29.0,1249,9636,2,0
WET,30,32.0,29.0,1249,9636,2,0
WET,24,31.0,29.0,1249,9636,3,5
WET,27,29.0,28.0,1249,9636,3,0
INTERMEDIATE,43,31.0,31.0,1249,9636,3,0
INTERMEDIATE,27,30.0,30.0,1249,9636,4,0
INTERMEDIATE,24,32.0,32.0,1249,9636,4,0
INTERMEDIATE,31,69.0,33.0,1249,9636,2,2
INTERMEDIATE,1,69.0,33.0,1249,9636,2,0
INTERMEDIATE,10,69.0,33.0,1249,9636,2,0
INTERMEDIATE,4,69.0,33.0,1249,9636,3,4
INTERMEDIATE,63,69.0,33.0,1249,9636,3,3
INTERMEDIATE,22,69.0,33.0,1249,9636,3,3
INTERMEDIATE,16,69.0,33.0,1249,9636,3,3
INTERMEDIATE,81,69.0,33.0,1249,9636,3,0
INTERMEDIATE,14,69.0,33.0,1249,9636,3,0
INTERMEDIATE,30,69.0,33.0,1249,9636,3,3
INTERMEDIATE,77,69.0,33.0,1249,9636,2,0
INTERMEDIATE,44,69.0,33.0,1249,9636,3,0
INTERMEDIATE,11,69.0,33.0,1249,9636,3,0
INTERMEDIATE,55,38.0,33.0,1249,9636,3,0
INTERMEDIATE,50,69.0,33.0,1249,9636,3,0
INTERMEDIATE,24,69.0,33.0,1249,9636,5,0
HARD,77,17.0,1.0,1250,9644,1,0
MEDIUM,63,12.0,1.0,1250,9644,1,1
MEDIUM,1,11.0,1.0,1250,9644,1,0
MEDIUM,27,14.0,1.0,1250,9644,1,0
MEDIUM,22,10.0,1.0,1250,9644,1,0
MEDIUM,23,9.0,1.0,1250,9644,1,0
HARD,43,16.0,1.0,1250,9644,1,0
HARD,11,17.0,1.0,1250,9644,1,0
MEDIUM,18,9.0,1.0,1250,9644,1,1
MEDIUM,4,9.0,1.0,1250,9644,1,0
MEDIUM,44,13.0,1.0,1250,9644,1,0
MEDIUM,24,11.0,1.0,1250,9644,1,1
MEDIUM,55,10.0,1.0,1250,9644,1,0
MEDIUM,30,11.0,1.0,1250,9644,1,0
SOFT,14,4.0,1.0,1250,9644,1,0
MEDIUM,20,17.0,1.0,1250,9644,1,0
MEDIUM,10,10.0,1.0,1250,9644,1,0
MEDIUM,16,9.0,1.0,1250,9644,1,0
MEDIUM,81,10.0,1.0,1250,9644,1,0
MEDIUM,31,11.0,1.0,1250,9644,1,0
HARD,14,24.0,5.0,1250,9644,2,0
HARD,16,31.0,10.0,1250,9644,2,0
HARD,4,30.0,10.0,1250,9644,2,0
HARD,23,25.0,10.0,1250,9644,2,0
HARD,18,28.0,10.0,1250,9644,2,0
HARD,55,28.0,11.0,1250,9644,2,0
HARD,22,29.0,11.0,1250,9644,2,0
HARD,10,15.0,11.0,1250,9644,2,0
HARD,81,25.0,11.0,1250,9644,2,0
HARD,1,27.0,12.0,1250,9644,2,0
MEDIUM,31,12.0,12.0,1250,9644,2,0
HARD,24,34.0,12.0,1250,9644,2,0
HARD,30,38.0,12.0,1250,9644,2,1
HARD,63,32.0,13.0,1250,9644,2,1
HARD,31,45.0,13.0,1250,9644,3,0
HARD,44,27.0,14.0,1250,9644,2,1
HARD,27,33.0,15.0,1250,9644,2,0
MEDIUM,43,26.0,17.0,1250,9644,2,0
MEDIUM,11,32.0,18.0,1250,9644,2,0
MEDIUM,77,35.0,18.0,1250,9644,2,0
HARD,20,50.0,18.0,1250,9644,2,0
HARD,14,50.0,25.0,1250,9644,3,1
HARD,81,50.0,26.0,1250,9644,3,0
HARD,43,50.0,27.0,1250,9644,3,0
HARD,1,50.0,28.0,1250,9644,3,0
HARD,44,50.0,28.0,1250,9644,3,1
HARD,55,50.0,29.0,1250,9644,3,0
HARD,18,50.0,29.0,1250,9644,3,0
HARD,22,50.0,30.0,1250,9644,3,1
HARD,4,48.0,31.0,1250,9644,3,0
HARD,16,50.0,32.0,1250,9644,3,0
HARD,63,50.0,33.0,1250,9644,3,0
HARD,11,50.0,33.0,1250,9644,3,0
HARD,27,50.0,34.0,1250,9644,3,0
HARD,24,50.0,35.0,1250,9644,3,0
HARD,77,49.0,36.0,1250,9644,3,0
HARD,30,50.0,39.0,1250,9644,3,1
SOFT,31,49.0,46.0,1250,9644,4,0
SOFT,4,50.0,49.0,1250,9644,4,4
MEDIUM,63,19.0,1.0,1251,9654,1,4
MEDIUM,23,19.0,1.0,1251,9654,1,6
MEDIUM,16,19.0,1.0,1251,9654,1,1
MEDIUM,18,19.0,1.0,1251,9654,1,6
MEDIUM,27,19.0,1.0,1251,9654,1,6
MEDIUM,22,19.0,1.0,1251,9654,1,7
MEDIUM,4,19.0,1.0,1251,9654,1,5
MEDIUM,55,19.0,1.0,1251,9654,1,1
MEDIUM,20,19.0,1.0,1251,9654,1,6
MEDIUM,31,19.0,1.0,1251,9654,1,7
MEDIUM,44,19.0,1.0,1251,9654,1,6
MEDIUM,10,19.0,1.0,1251,9654,1,7
MEDIUM,1,19.0,1.0,1251,9654,1,8
MEDIUM,81,19.0,1.0,1251,9654,1,5
MEDIUM,30,19.0,1.0,1251,9654,1,7
SOFT,24,10.0,1.0,1251,9654,1,0
MEDIUM,14,19.0,1.0,1251,9654,1,6
MEDIUM,77,19.0,1.0,1251,9654,1,12
MEDIUM,43,19.0,1.0,1251,9654,1,4
MEDIUM,11,14.0,1.0,1251,9654,1,11
MEDIUM,24,19.0,11.0,1251,9654,2,8
MEDIUM,11,19.0,15.0,1251,9654,2,21
MEDIUM,22,35.0,1.0,1251,9655,1,0
MEDIUM,30,35.0,1.0,1251,9655,1,0
MEDIUM,14,35.0,1.0,1251,9655,1,0
MEDIUM,44,34.0,1.0,1251,9655,1,0
MEDIUM,1,35.0,1.0,1251,9655,1,0
MEDIUM,77,24.0,1.0,1251,9655,1,0
MEDIUM,63,23.0,1.0,1251,9655,1,1
MEDIUM,10,35.0,1.0,1251,9655,1,0
MEDIUM,81,34.0,1.0,1251,9655,1,0
MEDIUM,23,35.0,1.0,1251,9655,1,0
MEDIUM,16,35.0,1.0,1251,9655,1,1
HARD,27,1.0,1.0,1251,9655,1,0
MEDIUM,18,1.0,1.0,1251,9655,1,0
MEDIUM,20,27.0,1.0,1251,9655,1,0
MEDIUM,11,35.0,1.0,1251,9655,1,0
MEDIUM,24,35.0,1.0,1251,9655,1,0
MEDIUM,55,34.0,1.0,1251,9655,1,1
MEDIUM,4,35.0,1.0,1251,9655,1,0
HARD,18,7.0,2.0,1251,9655,2,0
HARD,27,31.0,2.0,1251,9655,2,0
HARD,18,8.0,8.0,1251,9655,3,0
HARD,63,35.0,24.0,1251,9655,2,0
HARD,77,35.0,25.0,1251,9655,2,0
HARD,20,36.0,28.0,1251,9655,2,0
MEDIUM,27,36.0,32.0,1251,9655,3,0
HARD,81,36.0,35.0,1251,9655,2,0
HARD,55,36.0,35.0,1251,9655,2,0
HARD,4,36.0,36.0,1251,9655,2,0
HARD,44,35.0,35.0,1251,9655,2,0
HARD,1,36.0,36.0,1251,9655,2,0
HARD,16,36.0,36.0,1251,9655,2,0
HARD,11,36.0,36.0,1251,9655,2,0
HARD,10,36.0,36.0,1251,9655,2,0
HARD,14,36.0,36.0,1251,9655,2,0
HARD,63,36.0,36.0,1251,9655,3,0
HARD,24,36.0,36.0,1251,9655,2,0
SOFT,23,36.0,36.0,1251,9655,2,0
HARD,22,36.0,36.0,1251,9655,2,0
HARD,30,36.0,36.0,1251,9655,2,0
HARD,44,36.0,36.0,1251,9655,3,0
HARD,1,37.0,37.0,1251,9655,3,1
HARD,4,37.0,37.0,1251,9655,3,0
MEDIUM,77,36.0,36.0,1251,9655,3,0
HARD,16,37.0,37.0,1251,9655,3,0
HARD,81,37.0,37.0,1251,9655,3,0
HARD,11,37.0,37.0,1251,9655,3,1
HARD,10,37.0,37.0,1251,9655,3,0
HARD,63,37.0,37.0,1251,9655,4,1
HARD,55,37.0,37.0,1251,9655,3,2
HARD,24,37.0,37.0,1251,9655,3,0
HARD,20,37.0,37.0,1251,9655,3,27
MEDIUM,14,37.0,37.0,1251,9655,3,6
HARD,22,37.0,37.0,1251,9655,3,1
SOFT,23,37.0,37.0,1251,9655,3,0
MEDIUM,27,37.0,37.0,1251,9655,4,5
HARD,30,37.0,37.0,1251,9655,3,1
HARD,1,57.0,38.0,1251,9655,4,0
HARD,44,47.0,37.0,1251,9655,4,0
MEDIUM,77,57.0,37.0,1251,9655,4,0
HARD,4,45.0,38.0,1251,9655,4,2
HARD,16,57.0,38.0,1251,9655,4,2
HARD,11,38.0,38.0,1251,9655,4,0
HARD,81,57.0,38.0,1251,9655,4,3
HARD,10,57.0,38.0,1251,9655,4,2
HARD,63,57.0,38.0,1251,9655,5,2
HARD,55,57.0,38.0,1251,9655,4,3
MEDIUM,14,57.0,38.0,1251,9655,4,7
HARD,24,57.0,38.0,1251,9655,4,0
HARD,20,57.0,38.0,1251,9655,4,28
HARD,22,40.0,38.0,1251,9655,4,2
SOFT,23,55.0,38.0,1251,9655,4,0
HARD,30,40.0,38.0,1251,9655,4,0
MEDIUM,27,39.0,38.0,1251,9655,5,6
SOFT,22,57.0,41.0,1251,9655,5,0
SOFT,30,57.0,41.0,1251,9655,5,0
HARD,4,57.0,46.0,1251,9655,5,0
HARD,44,57.0,48.0,1251,9655,5,13
SOFT,23,56.0,56.0,1251,9655,5,0
MEDIUM,18,11.0,1.0,1252,9662,1,1
MEDIUM,4,26.0,1.0,1252,9662,1,0
MEDIUM,24,12.0,1.0,1252,9662,1,0
HARD,44,34.0,1.0,1252,9662,1,0
MEDIUM,14,13.0,1.0,1252,9662,1,1
MEDIUM,63,26.0,1.0,1252,9662,1,1
MEDIUM,20,12.0,1.0,1252,9662,1,0
MEDIUM,55,25.0,1.0,1252,9662,1,0
MEDIUM,10,14.0,1.0,1252,9662,1,0
MEDIUM,61,22.0,1.0,1252,9662,1,0
MEDIUM,81,4.0,1.0,1252,9662,1,0
MEDIUM,30,23.0,1.0,1252,9662,1,0
MEDIUM,16,20.0,1.0,1252,9662,1,0
MEDIUM,43,3.0,1.0,1252,9662,1,0
MEDIUM,77,6.0,1.0,1252,9662,1,0
MEDIUM,1,29.0,1.0,1252,9662,1,0
MEDIUM,27,13.0,1.0,1252,9662,1,0
MEDIUM,22,22.0,1.0,1252,9662,1,0
MEDIUM,23,12.0,1.0,1252,9662,1,0
HARD,43,26.0,4.0,1252,9662,2,0
HARD,81,32.0,5.0,1252,9662,2,0
HARD,77,30.0,7.0,1252,9662,2,0
HARD,18,32.0,12.0,1252,9662,2,1
HARD,20,29.0,13.0,1252,9662,2,0
HARD,23,57.0,13.0,1252,9662,2,0
HARD,24,39.0,13.0,1252,9662,2,0
HARD,27,58.0,14.0,1252,9662,2,0
HARD,14,37.0,14.0,1252,9662,2,1
HARD,10,58.0,15.0,1252,9662,2,0
HARD,16,58.0,21.0,1252,9662,2,0
HARD,61,57.0,23.0,1252,9662,2,0
HARD,22,57.0,23.0,1252,9662,2,0
HARD,30,24.0,24.0,1252,9662,2,0
HARD,30,29.0,25.0,1252,9662,3,1
HARD,55,58.0,26.0,1252,9662,2,0
HARD,4,58.0,27.0,1252,9662,2,0
HARD,63,58.0,27.0,1252,9662,2,0
HARD,1,58.0,30.0,1252,9662,2,0
HARD,20,30.0,30.0,1252,9662,3,0
HARD,30,55.0,30.0,1252,9662,4,6
SOFT,20,55.0,31.0,1252,9662,4,0
HARD,18,57.0,33.0,1252,9662,3,0
HARD,81,58.0,33.0,1252,9662,3,0
MEDIUM,44,58.0,35.0,1252,9662,2,1
HARD,14,58.0,38.0,1252,9662,3,1
HARD,24,57.0,40.0,1252,9662,3,0
SOFT,20,57.0,56.0,1252,9662,5,3
INTERMEDIATE,18,2.0,1.0,1254,9693,1,0
INTERMEDIATE,12,2.0,1.0,1254,9693,1,0
INTERMEDIATE,14,2.0,1.0,1254,9693,1,0
INTERMEDIATE,63,2.0,1.0,1254,9693,1,0
INTERMEDIATE,4,2.0,1.0,1254,9693,1,0
INTERMEDIATE,27,2.0,1.0,1254,9693,1,0
INTERMEDIATE,31,2.0,1.0,1254,9693,1,0
INTERMEDIATE,22,2.0,1.0,1254,9693,1,0
INTERMEDIATE,10,2.0,1.0,1254,9693,1,0
INTERMEDIATE,44,2.0,1.0,1254,9693,1,0
INTERMEDIATE,1,2.0,1.0,1254,9693,1,0
INTERMEDIATE,23,2.0,1.0,1254,9693,1,0
INTERMEDIATE,16,2.0,1.0,1254,9693,1,0
INTERMEDIATE,81,2.0,1.0,1254,9693,1,0
INTERMEDIATE,87,2.0,1.0,1254,9693,1,0
INTERMEDIATE,5,2.0,1.0,1254,9693,1,0
INTERMEDIATE,30,2.0,1.0,1254,9693,3,0
INTERMEDIATE,4,3.0,2.0,1254,9693,2,0
INTERMEDIATE,1,3.0,2.0,1254,9693,2,2
INTERMEDIATE,81,3.0,2.0,1254,9693,2,0
INTERMEDIATE,63,3.0,2.0,1254,9693,2,2
INTERMEDIATE,16,3.0,2.0,1254,9693,2,2
INTERMEDIATE,23,3.0,2.0,1254,9693,2,0
INTERMEDIATE,22,3.0,2.0,1254,9693,2,2
INTERMEDIATE,10,3.0,2.0,1254,9693,2,0
INTERMEDIATE,44,3.0,2.0,1254,9693,2,2
INTERMEDIATE,14,3.0,2.0,1254,9693,2,2
INTERMEDIATE,27,3.0,2.0,1254,9693,2,0
INTERMEDIATE,18,3.0,2.0,1254,9693,2,2
INTERMEDIATE,5,2.0,2.0,1254,9693,2,0
INTERMEDIATE,31,3.0,2.0,1254,9693,2,2
INTERMEDIATE,12,3.0,2.0,1254,9693,2,2
INTERMEDIATE,30,3.0,2.0,1254,9693,4,2
INTERMEDIATE,87,2.0,2.0,1254,9693,2,0
INTERMEDIATE,5,3.0,3.0,1254,9693,3,0
INTERMEDIATE,87,3.0,3.0,1254,9693,3,0
INTERMEDIATE,1,4.0,3.0,1254,9693,3,0
INTERMEDIATE,4,4.0,3.0,1254,9693,3,0
INTERMEDIATE,81,4.0,3.0,1254,9693,3,0
INTERMEDIATE,63,4.0,3.0,1254,9693,3,3
INTERMEDIATE,16,4.0,3.0,1254,9693,3,3
INTERMEDIATE,22,4.0,3.0,1254,9693,3,0
INTERMEDIATE,23,4.0,3.0,1254,9693,3,1
INTERMEDIATE,44,4.0,3.0,1254,9693,3,3
INTERMEDIATE,14,4.0,3.0,1254,9693,3,3
INTERMEDIATE,10,4.0,3.0,1254,9693,3,3
INTERMEDIATE,27,4.0,3.0,1254,9693,3,3
INTERMEDIATE,18,4.0,3.0,1254,9693,3,3
INTERMEDIATE,12,4.0,3.0,1254,9693,3,0
INTERMEDIATE,5,3.0,3.0,1254,9693,4,0
INTERMEDIATE,31,4.0,3.0,1254,9693,3,3
INTERMEDIATE,87,3.0,3.0,1254,9693,4,0
INTERMEDIATE,30,4.0,3.0,1254,9693,5,3
INTERMEDIATE,5,4.0,4.0,1254,9693,5,3
INTERMEDIATE,87,4.0,4.0,1254,9693,5,3
INTERMEDIATE,4,34.0,4.0,1254,9693,4,0
INTERMEDIATE,1,34.0,4.0,1254,9693,4,0
INTERMEDIATE,63,34.0,4.0,1254,9693,4,4
INTERMEDIATE,81,34.0,4.0,1254,9693,4,0
INTERMEDIATE,22,33.0,4.0,1254,9693,4,0
INTERMEDIATE,16,34.0,4.0,1254,9693,4,4
INTERMEDIATE,23,33.0,4.0,1254,9693,4,2
INTERMEDIATE,44,33.0,4.0,1254,9693,4,4
INTERMEDIATE,14,32.0,4.0,1254,9693,4,4
INTERMEDIATE,10,33.0,4.0,1254,9693,4,4
INTERMEDIATE,27,33.0,4.0,1254,9693,4,4
INTERMEDIATE,18,33.0,4.0,1254,9693,4,4
MEDIUM,5,44.0,4.0,1254,9693,6,4
INTERMEDIATE,12,33.0,4.0,1254,9693,4,4
INTERMEDIATE,30,33.0,4.0,1254,9693,6,0
INTERMEDIATE,31,39.0,4.0,1254,9693,4,0
MEDIUM,87,44.0,4.0,1254,9693,6,0
HARD,44,47.0,33.0,1254,9693,5,1
MEDIUM,23,44.0,33.0,1254,9693,5,0
MEDIUM,22,47.0,33.0,1254,9693,5,0
HARD,10,46.0,33.0,1254,9693,5,0
HARD,12,44.0,33.0,1254,9693,5,0
HARD,18,44.0,33.0,1254,9693,5,1
MEDIUM,27,44.0,33.0,1254,9693,5,0
HARD,4,44.0,34.0,1254,9693,5,1
HARD,81,44.0,34.0,1254,9693,5,1
MEDIUM,30,46.0,33.0,1254,9693,7,0
MEDIUM,1,46.0,34.0,1254,9693,5,0
HARD,63,44.0,34.0,1254,9693,5,0
HARD,16,47.0,34.0,1254,9693,5,1
MEDIUM,31,46.0,39.0,1254,9693,5,0
INTERMEDIATE,4,57.0,44.0,1254,9693,6,0
INTERMEDIATE,23,57.0,44.0,1254,9693,6,0
INTERMEDIATE,63,57.0,44.0,1254,9693,6,0
INTERMEDIATE,18,57.0,44.0,1254,9693,6,0
INTERMEDIATE,27,57.0,44.0,1254,9693,6,0
INTERMEDIATE,12,57.0,44.0,1254,9693,6,0
INTERMEDIATE,5,45.0,44.0,1254,9693,7,0
INTERMEDIATE,81,57.0,44.0,1254,9693,6,0
INTERMEDIATE,87,57.0,44.0,1254,9693,7,0
INTERMEDIATE,1,57.0,46.0,1254,9693,6,0
INTERMEDIATE,10,57.0,46.0,1254,9693,6,0
INTERMEDIATE,31,57.0,46.0,1254,9693,6,0
INTERMEDIATE,44,57.0,47.0,1254,9693,6,0
INTERMEDIATE,22,57.0,47.0,1254,9693,6,0
INTERMEDIATE,16,57.0,47.0,1254,9693,6,0
MEDIUM,63,19.0,1.0,1255,9993,1,8
MEDIUM,5,19.0,1.0,1255,9993,1,6
MEDIUM,16,19.0,1.0,1255,9993,1,6
MEDIUM,81,19.0,1.0,1255,9993,1,4
MEDIUM,23,19.0,1.0,1255,9993,1,4
MEDIUM,14,19.0,1.0,1255,9993,1,3
MEDIUM,22,19.0,1.0,1255,9993,1,3
MEDIUM,18,19.0,1.0,1255,9993,1,3
MEDIUM,27,19.0,1.0,1255,9993,1,6
MEDIUM,44,19.0,1.0,1255,9993,1,6
MEDIUM,4,19.0,1.0,1255,9993,1,3
MEDIUM,1,19.0,1.0,1255,9993,1,3
MEDIUM,55,11.0,1.0,1255,9993,1,4
MEDIUM,6,19.0,1.0,1255,9993,1,2
MEDIUM,30,19.0,1.0,1255,9993,1,5
MEDIUM,12,19.0,1.0,1255,9993,1,7
MEDIUM,31,19.0,1.0,1255,9993,1,6
MEDIUM,10,19.0,1.0,1255,9993,1,6
MEDIUM,7,19.0,1.0,1255,9993,1,6
MEDIUM,87,19.0,1.0,1255,9993,1,3
MEDIUM,55,19.0,12.0,1255,9993,2,0
MEDIUM,23,20.0,1.0,1255,9998,1,0
MEDIUM,14,4.0,1.0,1255,9998,1,5
MEDIUM,16,15.0,1.0,1255,9998,1,0
MEDIUM,27,20.0,1.0,1255,9998,1,0
HARD,18,36.0,1.0,1255,9998,1,0
MEDIUM,7,11.0,1.0,1255,9998,1,0
MEDIUM,44,13.0,1.0,1255,9998,1,0
MEDIUM,55,17.0,1.0,1255,9998,1,0
MEDIUM,22,11.0,1.0,1255,9998,1,0
HARD,30,18.0,1.0,1255,9998,1,0
MEDIUM,1,13.0,1.0,1255,9998,1,0
MEDIUM,6,12.0,1.0,1255,9998,1,0
MEDIUM,63,14.0,1.0,1255,9998,1,0
MEDIUM,10,10.0,1.0,1255,9998,1,0
MEDIUM,5,1.0,1.0,1255,9998,1,0
MEDIUM,12,12.0,1.0,1255,9998,1,0
MEDIUM,31,11.0,1.0,1255,9998,1,0
MEDIUM,81,14.0,1.0,1255,9998,1,0
HARD,87,26.0,1.0,1255,9998,1,0
MEDIUM,4,15.0,1.0,1255,9998,1,0
HARD,5,26.0,2.0,1255,9998,2,0
HARD,10,56.0,11.0,1255,9998,2,0
HARD,22,35.0,12.0,1255,9998,2,0
HARD,31,56.0,12.0,1255,9998,2,0
HARD,7,56.0,12.0,1255,9998,2,0
HARD,6,33.0,13.0,1255,9998,2,0
HARD,12,56.0,13.0,1255,9998,2,0
HARD,44,37.0,14.0,1255,9998,2,0
HARD,1,56.0,14.0,1255,9998,2,0
HARD,81,56.0,15.0,1255,9998,2,0
HARD,63,56.0,15.0,1255,9998,2,0
HARD,4,56.0,16.0,1255,9998,2,0
HARD,16,56.0,16.0,1255,9998,2,0
HARD,55,56.0,18.0,1255,9998,2,0
MEDIUM,30,30.0,19.0,1255,9998,2,0
HARD,23,56.0,21.0,1255,9998,2,0
HARD,27,55.0,21.0,1255,9998,2,0
MEDIUM,87,56.0,27.0,1255,9998,2,0
HARD,5,55.0,27.0,1255,9998,3,0
HARD,30,56.0,31.0,1255,9998,3,0
HARD,6,56.0,34.0,1255,9998,3,0
HARD,22,46.0,36.0,1255,9998,3,0
MEDIUM,18,56.0,37.0,1255,9998,2,0
HARD,44,56.0,38.0,1255,9998,3,0
MEDIUM,22,55.0,47.0,1255,9998,4,6
MEDIUM,12,31.0,1.0,1256,10006,1,0
MEDIUM,63,19.0,1.0,1256,10006,1,0
SOFT,7,15.0,1.0,1256,10006,1,0
SOFT,18,9.0,1.0,1256,10006,1,0
MEDIUM,14,24.0,1.0,1256,10006,1,1
MEDIUM,23,24.0,1.0,1256,10006,1,0
MEDIUM,4,21.0,1.0,1256,10006,1,0
MEDIUM,55,33.0,1.0,1256,10006,1,0
HARD,44,30.0,1.0,1256,10006,1,0
MEDIUM,10,24.0,1.0,1256,10006,1,0
MEDIUM,30,33.0,1.0,1256,10006,1,0
MEDIUM,81,20.0,1.0,1256,10006,1,0
HARD,5,31.0,1.0,1256,10006,1,0
HARD,31,32.0,1.0,1256,10006,1,1
MEDIUM,6,25.0,1.0,1256,10006,1,0
MEDIUM,1,21.0,1.0,1256,10006,1,0
MEDIUM,16,21.0,1.0,1256,10006,1,0
MEDIUM,87,23.0,1.0,1256,10006,1,0
MEDIUM,27,22.0,1.0,1256,10006,1,0
MEDIUM,22,23.0,1.0,1256,10006,1,0
HARD,18,30.0,10.0,1256,10006,2,1
HARD,7,53.0,16.0,1256,10006,2,0
HARD,63,53.0,20.0,1256,10006,2,0
HARD,81,53.0,21.0,1256,10006,2,0
HARD,1,53.0,22.0,1256,10006,2,0
HARD,4,53.0,22.0,1256,10006,2,0
HARD,16,53.0,22.0,1256,10006,2,0
HARD,27,53.0,23.0,1256,10006,2,0
HARD,87,53.0,24.0,1256,10006,2,1
HARD,22,53.0,24.0,1256,10006,2,0
HARD,23,53.0,25.0,1256,10006,2,0
HARD,14,53.0,25.0,1256,10006,2,1
HARD,10,53.0,25.0,1256,10006,2,0
HARD,6,53.0,26.0,1256,10006,2,0
MEDIUM,44,53.0,31.0,1256,10006,2,0
MEDIUM,18,52.0,31.0,1256,10006,3,0
HARD,12,53.0,32.0,1256,10006,2,0
MEDIUM,5,53.0,32.0,1256,10006,2,0
MEDIUM,31,53.0,33.0,1256,10006,2,0
SOFT,55,53.0,34.0,1256,10006,2,0
SOFT,30,53.0,34.0,1256,10006,2,0
SOFT,18,12.0,1.0,1257,10014,1,0
SOFT,4,10.0,1.0,1257,10014,1,3
SOFT,55,14.0,1.0,1257,10014,1,3
MEDIUM,44,17.0,1.0,1257,10014,1,0
MEDIUM,30,14.0,1.0,1257,10014,1,0
MEDIUM,5,13.0,1.0,1257,10014,1,0
MEDIUM,14,16.0,1.0,1257,10014,1,0
SOFT,10,10.0,1.0,1257,10014,1,3
SOFT,81,14.0,1.0,1257,10014,1,3
MEDIUM,16,17.0,1.0,1257,10014,1,0
SOFT,22,11.0,1.0,1257,10014,1,3
SOFT,87,14.0,1.0,1257,10014,1,0
SOFT,31,8.0,1.0,1257,10014,1,0
SOFT,6,6.0,1.0,1257,10014,1,0
SOFT,12,12.0,1.0,1257,10014,1,3
SOFT,63,13.0,1.0,1257,10014,1,3
SOFT,7,9.0,1.0,1257,10014,1,0
SOFT,27,5.0,1.0,1257,10014,1,0
SOFT,23,16.0,1.0,1257,10014,1,0
SOFT,1,10.0,1.0,1257,10014,1,3
MEDIUM,27,27.0,6.0,1257,10014,2,0
MEDIUM,6,28.0,7.0,1257,10014,2,0
MEDIUM,31,27.0,9.0,1257,10014,2,0
MEDIUM,7,28.0,10.0,1257,10014,2,0
MEDIUM,4,32.0,11.0,1257,10014,2,0
HARD,1,26.0,11.0,1257,10014,2,0
MEDIUM,10,28.0,11.0,1257,10014,2,0
MEDIUM,22,32.0,12.0,1257,10014,2,0
MEDIUM,12,27.0,13.0,1257,10014,2,0
MEDIUM,18,32.0,13.0,1257,10014,2,0
MEDIUM,63,32.0,14.0,1257,10014,2,0
HARD,5,32.0,14.0,1257,10014,2,0
MEDIUM,81,32.0,15.0,1257,10014,2,0
MEDIUM,55,32.0,15.0,1257,10014,2,0
HARD,87,32.0,15.0,1257,10014,2,0
HARD,30,32.0,15.0,1257,10014,2,0
HARD,23,32.0,17.0,1257,10014,2,0
MEDIUM,14,32.0,17.0,1257,10014,2,0
MEDIUM,16,32.0,18.0,1257,10014,2,0
MEDIUM,44,32.0,18.0,1257,10014,2,0
MEDIUM,1,57.0,27.0,1257,10014,3,0
SOFT,12,32.0,28.0,1257,10014,3,3
HARD,31,57.0,28.0,1257,10014,3,0
MEDIUM,27,57.0,28.0,1257,10014,3,0
HARD,10,57.0,29.0,1257,10014,3,0
HARD,7,57.0,29.0,1257,10014,3,0
HARD,6,57.0,29.0,1257,10014,3,0
MEDIUM,81,57.0,33.0,1257,10014,3,0
SOFT,63,57.0,33.0,1257,10014,3,3
HARD,16,57.0,33.0,1257,10014,3,0
MEDIUM,4,57.0,33.0,1257,10014,3,0
HARD,44,57.0,33.0,1257,10014,3,0
HARD,55,44.0,33.0,1257,10014,3,0
SOFT,22,57.0,33.0,1257,10014,3,0
SOFT,87,57.0,33.0,1257,10014,3,0
SOFT,12,57.0,33.0,1257,10014,4,3
MEDIUM,23,57.0,33.0,1257,10014,3,0
HARD,14,57.0,33.0,1257,10014,3,0
SOFT,30,57.0,33.0,1257,10014,3,0
HARD,18,57.0,33.0,1257,10014,3,0
MEDIUM,5,57.0,33.0,1257,10014,3,0
SOFT,55,45.0,45.0,1257,10014,4,3
MEDIUM,7,1.0,1.0,1258,10022,1,0
MEDIUM,31,1.0,1.0,1258,10022,1,0
MEDIUM,5,1.0,1.0,1258,10022,1,0
MEDIUM,22,1.0,1.0,1258,10022,1,0
MEDIUM,87,18.0,1.0,1258,10022,1,0
MEDIUM,81,19.0,1.0,1258,10022,1,0
MEDIUM,12,19.0,1.0,1258,10022,1,0
MEDIUM,14,19.0,1.0,1258,10022,1,1
MEDIUM,63,20.0,1.0,1258,10022,1,0
MEDIUM,30,20.0,1.0,1258,10022,1,0
MEDIUM,1,21.0,1.0,1258,10022,1,0
MEDIUM,55,21.0,1.0,1258,10022,1,0
MEDIUM,23,22.0,1.0,1258,10022,1,0
MEDIUM,44,23.0,1.0,1258,10022,1,0
MEDIUM,16,29.0,1.0,1258,10022,1,0
HARD,7,32.0,2.0,1258,10022,2,0
HARD,27,33.0,1.0,1258,10022,1,0
HARD,4,34.0,1.0,1258,10022,1,0
HARD,6,34.0,1.0,1258,10022,1,0
HARD,18,39.0,1.0,1258,10022,1,1
HARD,81,50.0,20.0,1258,10022,2,0
HARD,1,50.0,22.0,1258,10022,2,0
MEDIUM,27,49.0,34.0,1258,10022,2,0
MEDIUM,18,49.0,40.0,1258,10022,2,1
HARD,16,50.0,30.0,1258,10022,2,0
MEDIUM,4,50.0,35.0,1258,10022,2,0
HARD,7,49.0,33.0,1258,10022,3,0
HARD,5,49.0,2.0,1258,10022,2,0
HARD,63,50.0,21.0,1258,10022,2,0
HARD,12,50.0,20.0,1258,10022,2,0
HARD,44,50.0,24.0,1258,10022,2,0
HARD,55,50.0,22.0,1258,10022,2,0
HARD,23,50.0,23.0,1258,10022,2,0
MEDIUM,6,50.0,35.0,1258,10022,2,0
HARD,30,50.0,21.0,1258,10022,2,1
HARD,14,50.0,20.0,1258,10022,2,1
HARD,87,50.0,19.0,1258,10022,2,0
HARD,31,50.0,2.0,1258,10022,2,0
INTERMEDIATE,44,1.0,1.0,1259,10028,1,0
INTERMEDIATE,55,1.0,1.0,1259,10028,1,0
INTERMEDIATE,6,1.0,1.0,1259,10028,1,0
INTERMEDIATE,30,1.0,1.0,1259,10028,1,0
INTERMEDIATE,10,1.0,1.0,1259,10028,1,0
INTERMEDIATE,81,1.0,1.0,1259,10028,1,0
INTERMEDIATE,23,1.0,1.0,1259,10028,1,0
INTERMEDIATE,14,1.0,1.0,1259,10028,1,0
INTERMEDIATE,1,1.0,1.0,1259,10028,1,0
INTERMEDIATE,7,1.0,1.0,1259,10028,1,0
INTERMEDIATE,5,1.0,1.0,1259,10028,1,0
INTERMEDIATE,27,1.0,1.0,1259,10028,1,0
INTERMEDIATE,18,1.0,1.0,1259,10028,1,0
INTERMEDIATE,4,1.0,1.0,1259,10028,1,0
INTERMEDIATE,12,1.0,1.0,1259,10028,1,0
INTERMEDIATE,87,1.0,1.0,1259,10028,1,0
INTERMEDIATE,63,1.0,1.0,1259,10028,1,0
INTERMEDIATE,31,1.0,1.0,1259,10028,1,0
INTERMEDIATE,22,1.0,1.0,1259,10028,1,0
INTERMEDIATE,12,13.0,2.0,1259,10028,2,0
MEDIUM,81,18.0,2.0,1259,10028,2,0
SOFT,4,18.0,2.0,1259,10028,2,0
SOFT,1,18.0,2.0,1259,10028,2,0
MEDIUM,63,18.0,2.0,1259,10028,2,0
SOFT,44,18.0,2.0,1259,10028,2,0
MEDIUM,23,18.0,2.0,1259,10028,2,0
MEDIUM,6,18.0,2.0,1259,10028,2,0
MEDIUM,27,18.0,2.0,1259,10028,2,0
MEDIUM,14,13.0,2.0,1259,10028,2,0
MEDIUM,31,18.0,2.0,1259,10028,2,0
MEDIUM,30,18.0,2.0,1259,10028,2,0
MEDIUM,10,18.0,2.0,1259,10028,2,0
MEDIUM,18,18.0,2.0,1259,10028,2,0
MEDIUM,55,12.0,2.0,1259,10028,2,0
SOFT,7,18.0,2.0,1259,10028,2,0
MEDIUM,5,18.0,2.0,1259,10028,2,0
MEDIUM,87,18.0,2.0,1259,10028,2,0
MEDIUM,22,18.0,2.0,1259,10028,2,0
MEDIUM,12,18.0,14.0,1259,10028,3,0
MEDIUM,1,32.0,1.0,1259,10033,1,24
MEDIUM,12,32.0,1.0,1259,10033,1,24
MEDIUM,81,32.0,1.0,1259,10033,1,24
HARD,63,32.0,1.0,1259,10033,1,24
MEDIUM,23,32.0,1.0,1259,10033,1,24
MEDIUM,4,32.0,1.0,1259,10033,1,24
MEDIUM,55,32.0,1.0,1259,10033,1,30
MEDIUM,16,32.0,1.0,1259,10033,1,24
MEDIUM,22,32.0,1.0,1259,10033,1,24
MEDIUM,31,23.0,1.0,1259,10033,1,23
MEDIUM,6,23.0,1.0,1259,10033,1,22
HARD,44,32.0,1.0,1259,10033,1,23
MEDIUM,5,23.0,1.0,1259,10033,1,19
HARD,27,36.0,1.0,1259,10033,1,23
MEDIUM,18,23.0,1.0,1259,10033,1,21
HARD,87,27.0,1.0,1259,10033,1,23
HARD,14,32.0,1.0,1259,10033,1,24
HARD,10,32.0,1.0,1259,10033,1,23
HARD,30,31.0,1.0,1259,10033,1,23
HARD,5,30.0,24.0,1259,10033,2,4
HARD,31,57.0,24.0,1259,10033,2,0
HARD,6,57.0,24.0,1259,10033,2,1
HARD,18,56.0,24.0,1259,10033,2,4
MEDIUM,7,1.0,1.0,1259,10033,1,0
MEDIUM,63,57.0,33.0,1259,10033,2,3
MEDIUM,14,56.0,33.0,1259,10033,2,5
MEDIUM,10,57.0,33.0,1259,10033,2,0
HARD,81,57.0,33.0,1259,10033,2,3
HARD,12,57.0,33.0,1259,10033,2,7
HARD,23,57.0,33.0,1259,10033,2,6
HARD,16,57.0,33.0,1259,10033,2,3
HARD,22,57.0,33.0,1259,10033,2,5
HARD,4,57.0,33.0,1259,10033,2,3
HARD,55,57.0,33.0,1259,10033,2,7
MEDIUM,44,57.0,33.0,1259,10033,2,4
MEDIUM,30,36.0,32.0,1259,10033,2,3
HARD,1,57.0,33.0,1259,10033,2,6
MEDIUM,27,56.0,37.0,1259,10033,2,0
MEDIUM,31,1.0,1.0,1260,9987,1,0
MEDIUM,10,9.0,1.0,1260,9987,1,0
MEDIUM,16,10.0,1.0,1260,9987,1,0
MEDIUM,30,10.0,1.0,1260,9987,1,0
MEDIUM,63,11.0,1.0,1260,9987,1,3
MEDIUM,55,11.0,1.0,1260,9987,1,0
MEDIUM,14,12.0,1.0,1260,9987,1,3
MEDIUM,5,12.0,1.0,1260,9987,1,0
MEDIUM,81,13.0,1.0,1260,9987,1,0
MEDIUM,18,14.0,1.0,1260,9987,1,3
MEDIUM,43,22.0,1.0,1260,9987,1,0
HARD,31,27.0,2.0,1260,9987,2,0
MEDIUM,4,28.0,1.0,1260,9987,1,0
MEDIUM,1,29.0,1.0,1260,9987,1,0
MEDIUM,23,29.0,1.0,1260,9987,1,0
MEDIUM,6,29.0,1.0,1260,9987,1,0
HARD,12,29.0,1.0,1260,9987,1,0
HARD,44,29.0,1.0,1260,9987,1,0
HARD,16,29.0,11.0,1260,9987,2,0
HARD,27,29.0,1.0,1260,9987,1,0
HARD,87,29.0,1.0,1260,9987,1,0
HARD,63,29.0,12.0,1260,9987,2,0
HARD,22,29.0,1.0,1260,9987,1,0
HARD,55,29.0,12.0,1260,9987,2,0
HARD,10,29.0,10.0,1260,9987,2,0
HARD,30,29.0,11.0,1260,9987,2,0
HARD,5,29.0,13.0,1260,9987,2,0
HARD,81,30.0,14.0,1260,9987,2,0
MEDIUM,87,31.0,30.0,1260,9987,2,0
MEDIUM,12,44.0,30.0,1260,9987,2,0
HARD,1,46.0,30.0,1260,9987,2,0
HARD,4,46.0,29.0,1260,9987,2,0
MEDIUM,44,46.0,30.0,1260,9987,2,0
HARD,6,46.0,30.0,1260,9987,2,0
HARD,14,46.0,13.0,1260,9987,2,1
HARD,18,46.0,15.0,1260,9987,2,1
HARD,43,46.0,23.0,1260,9987,2,0
HARD,5,46.0,30.0,1260,9987,3,0
HARD,23,47.0,30.0,1260,9987,2,0
HARD,1,63.0,47.0,1260,9987,3,0
HARD,4,63.0,47.0,1260,9987,3,1
HARD,81,63.0,31.0,1260,9987,3,0
HARD,44,63.0,47.0,1260,9987,3,0
HARD,23,63.0,48.0,1260,9987,3,0
HARD,16,63.0,30.0,1260,9987,3,0
HARD,63,63.0,30.0,1260,9987,3,0
HARD,55,63.0,30.0,1260,9987,3,0
HARD,6,63.0,47.0,1260,9987,3,0
MEDIUM,22,63.0,30.0,1260,9987,2,0
MEDIUM,14,63.0,47.0,1260,9987,3,4
MEDIUM,27,63.0,30.0,1260,9987,2,0
HARD,10,63.0,30.0,1260,9987,3,0
HARD,30,63.0,30.0,1260,9987,3,0
MEDIUM,18,63.0,47.0,1260,9987,3,6
HARD,43,63.0,47.0,1260,9987,3,0
HARD,87,63.0,32.0,1260,9987,3,0
MEDIUM,5,63.0,47.0,1260,9987,4,12
MEDIUM,10,7.0,1.0,1261,9979,2,0
MEDIUM,27,11.0,1.0,1261,9979,1,0
HARD,43,12.0,1.0,1261,9979,1,0
MEDIUM,6,13.0,1.0,1261,9979,1,0
HARD,14,15.0,1.0,1261,9979,1,1
MEDIUM,31,15.0,1.0,1261,9979,1,0
HARD,18,16.0,1.0,1261,9979,1,1
HARD,87,16.0,1.0,1261,9979,2,0
HARD,44,17.0,1.0,1261,9979,1,0
MEDIUM,4,18.0,1.0,1261,9979,1,0
SOFT,6,18.0,14.0,1261,9979,2,3
MEDIUM,81,19.0,1.0,1261,9979,1,0
MEDIUM,16,21.0,1.0,1261,9979,1,0
MEDIUM,43,25.0,13.0,1261,9979,2,7
HARD,5,25.0,1.0,1261,9979,2,0
HARD,1,27.0,1.0,1261,9979,1,0
MEDIUM,31,27.0,16.0,1261,9979,2,4
MEDIUM,30,30.0,1.0,1261,9979,1,6
MEDIUM,23,31.0,1.0,1261,9979,1,4
HARD,14,36.0,16.0,1261,9979,2,1
SOFT,5,34.0,26.0,1261,9979,3,0
MEDIUM,23,39.0,32.0,1261,9979,2,8
SOFT,30,39.0,31.0,1261,9979,2,3
HARD,27,43.0,12.0,1261,9979,2,0
HARD,81,47.0,20.0,1261,9979,2,0
HARD,16,48.0,22.0,1261,9979,2,0
HARD,55,47.0,1.0,1261,9979,1,0
HARD,4,49.0,19.0,1261,9979,2,0
MEDIUM,55,52.0,48.0,1261,9979,2,0
HARD,63,52.0,1.0,1261,9979,1,0
HARD,44,55.0,18.0,1261,9979,2,1
HARD,18,63.0,17.0,1261,9979,2,1
MEDIUM,63,67.0,53.0,1261,9979,2,53
HARD,12,68.0,1.0,1261,9979,1,0
MEDIUM,12,70.0,69.0,1261,9979,2,0
HARD,22,72.0,1.0,1261,9979,2,0
MEDIUM,1,76.0,28.0,1261,9979,2,0
HARD,4,78.0,50.0,1261,9979,3,0
MEDIUM,16,78.0,49.0,1261,9979,3,0
HARD,81,78.0,48.0,1261,9979,3,0
HARD,12,75.0,71.0,1261,9979,3,0
HARD,23,76.0,40.0,1261,9979,3,0
MEDIUM,55,76.0,53.0,1261,9979,3,8
SOFT,1,78.0,77.0,1261,9979,3,3
HARD,63,76.0,68.0,1261,9979,3,0
MEDIUM,44,78.0,56.0,1261,9979,3,0
MEDIUM,87,76.0,17.0,1261,9979,3,0
MEDIUM,43,76.0,26.0,1261,9979,3,0
HARD,6,77.0,19.0,1261,9979,3,1
HARD,31,77.0,28.0,1261,9979,3,0
HARD,30,77.0,40.0,1261,9979,3,1
MEDIUM,5,76.0,35.0,1261,9979,4,0
MEDIUM,18,76.0,64.0,1261,9979,3,1
SOFT,27,76.0,44.0,1261,9979,3,0
MEDIUM,22,76.0,73.0,1261,9979,3,0
SOFT,23,6.0,1.0,1262,9971,1,3
SOFT,87,8.0,1.0,1262,9971,1,0
MEDIUM,22,8.0,1.0,1262,9971,1,0
SOFT,27,9.0,1.0,1262,9971,1,0
SOFT,55,9.0,1.0,1262,9971,1,0
SOFT,10,10.0,1.0,1262,9971,1,2
SOFT,1,13.0,1.0,1262,9971,1,3
SOFT,43,14.0,1.0,1262,9971,1,0
SOFT,14,15.0,1.0,1262,9971,1,2
SOFT,44,16.0,1.0,1262,9971,1,3
SOFT,16,17.0,1.0,1262,9971,1,1
SOFT,30,18.0,1.0,1262,9971,1,0
SOFT,6,19.0,1.0,1262,9971,1,3
SOFT,5,19.0,1.0,1262,9971,1,3
SOFT,63,20.0,1.0,1262,9971,1,3
SOFT,31,20.0,1.0,1262,9971,1,0
SOFT,4,21.0,1.0,1262,9971,1,0
SOFT,12,21.0,1.0,1262,9971,1,3
SOFT,81,22.0,1.0,1262,9971,1,0
SOFT,22,24.0,9.0,1262,9971,2,0
SOFT,23,26.0,7.0,1262,9971,2,0
SOFT,23,27.0,27.0,1262,9971,3,20
SOFT,1,29.0,14.0,1262,9971,2,0
SOFT,10,31.0,11.0,1262,9971,2,3
SOFT,55,34.0,10.0,1262,9971,2,0
MEDIUM,87,35.0,9.0,1262,9971,2,0
MEDIUM,16,40.0,18.0,1262,9971,2,0
MEDIUM,43,39.0,15.0,1262,9971,2,0
MEDIUM,63,41.0,21.0,1262,9971,2,0
MEDIUM,14,42.0,16.0,1262,9971,2,1
MEDIUM,31,43.0,21.0,1262,9971,2,0
MEDIUM,30,44.0,19.0,1262,9971,2,0
SOFT,22,44.0,25.0,1262,9971,3,0
MEDIUM,27,45.0,10.0,1262,9971,2,0
MEDIUM,44,46.0,17.0,1262,9971,2,0
MEDIUM,1,47.0,30.0,1262,9971,3,0
MEDIUM,4,48.0,22.0,1262,9971,2,0
MEDIUM,6,48.0,20.0,1262,9971,2,0
MEDIUM,81,49.0,23.0,1262,9971,2,0
MEDIUM,12,49.0,22.0,1262,9971,2,0
MEDIUM,5,49.0,20.0,1262,9971,2,0
SOFT,12,53.0,50.0,1262,9971,3,3
SOFT,81,55.0,50.0,1262,9971,3,3
SOFT,4,55.0,49.0,1262,9971,3,3
SOFT,1,55.0,48.0,1262,9971,4,3
SOFT,14,54.0,43.0,1262,9971,3,3
MEDIUM,87,54.0,36.0,1262,9971,3,0
SOFT,22,54.0,45.0,1262,9971,4,0
MEDIUM,16,55.0,41.0,1262,9971,3,0
SOFT,63,55.0,42.0,1262,9971,3,0
SOFT,44,55.0,47.0,1262,9971,3,3
SOFT,43,54.0,40.0,1262,9971,3,0
SOFT,6,55.0,49.0,1262,9971,3,0
MEDIUM,10,55.0,32.0,1262,9971,3,0
MEDIUM,55,55.0,35.0,1262,9971,3,0
SOFT,27,56.0,46.0,1262,9971,3,0
SOFT,81,66.0,56.0,1262,9971,4,3
SOFT,4,66.0,56.0,1262,9971,4,3
SOFT,16,66.0,56.0,1262,9971,4,3
SOFT,63,66.0,56.0,1262,9971,4,0
HARD,1,66.0,56.0,1262,9971,5,0
SOFT,27,66.0,57.0,1262,9971,4,0
SOFT,44,66.0,56.0,1262,9971,4,3
SOFT,6,66.0,56.0,1262,9971,4,3
SOFT,10,66.0,56.0,1262,9971,4,3
SOFT,14,66.0,55.0,1262,9971,4,3
SOFT,30,66.0,45.0,1262,9971,3,0
SOFT,5,66.0,50.0,1262,9971,3,0
SOFT,87,66.0,55.0,1262,9971,4,6
SOFT,22,66.0,55.0,1262,9971,5,3
SOFT,55,66.0,56.0,1262,9971,4,0
SOFT,43,66.0,55.0,1262,9971,4,1
MEDIUM,31,66.0,44.0,1262,9971,3,0
MEDIUM,1,11.0,1.0,1263,9963,1,3
MEDIUM,63,12.0,1.0,1263,9963,1,3
MEDIUM,6,12.0,1.0,1263,9963,1,0
MEDIUM,12,13.0,1.0,1263,9963,1,6
MEDIUM,43,13.0,1.0,1263,9963,1,5
MEDIUM,44,14.0,1.0,1263,9963,1,0
MEDIUM,14,14.0,1.0,1263,9963,1,4
MEDIUM,81,15.0,1.0,1263,9963,1,0
MEDIUM,87,17.0,1.0,1263,9963,1,0
MEDIUM,27,18.0,1.0,1263,9963,1,0
MEDIUM,23,22.0,1.0,1263,9963,1,4
HARD,18,23.0,1.0,1263,9963,1,1
HARD,16,27.0,1.0,1263,9963,1,0
HARD,4,28.0,1.0,1263,9963,1,0
HARD,1,36.0,12.0,1263,9963,2,0
HARD,12,37.0,14.0,1263,9963,2,1
HARD,30,37.0,1.0,1263,9963,1,1
HARD,63,41.0,13.0,1263,9963,2,1
HARD,81,44.0,16.0,1263,9963,2,0
HARD,44,44.0,15.0,1263,9963,2,0
HARD,23,46.0,23.0,1263,9963,2,0
MEDIUM,4,46.0,29.0,1263,9963,2,0
HARD,5,48.0,1.0,1263,9963,1,0
HARD,14,49.0,15.0,1263,9963,2,1
HARD,18,50.0,24.0,1263,9963,2,1
HARD,16,52.0,28.0,1263,9963,2,0
HARD,10,52.0,1.0,1263,9963,1,0
MEDIUM,30,53.0,38.0,1263,9963,2,0
HARD,22,55.0,1.0,1263,9963,1,0
HARD,31,56.0,1.0,1263,9963,1,0
HARD,55,56.0,1.0,1263,9963,1,0
HARD,4,66.0,47.0,1263,9963,3,0
HARD,14,65.0,50.0,1263,9963,3,1
HARD,63,66.0,42.0,1263,9963,3,0
HARD,27,65.0,19.0,1263,9963,2,0
HARD,1,66.0,37.0,1263,9963,3,0
HARD,12,66.0,38.0,1263,9963,3,0
MEDIUM,55,65.0,57.0,1263,9963,2,0
MEDIUM,31,65.0,57.0,1263,9963,2,0
HARD,81,66.0,45.0,1263,9963,3,0
MEDIUM,16,66.0,53.0,1263,9963,3,0
HARD,87,65.0,18.0,1263,9963,2,0
MEDIUM,22,65.0,56.0,1263,9963,2,0
MEDIUM,10,65.0,53.0,1263,9963,2,0
HARD,43,65.0,14.0,1263,9963,2,0
MEDIUM,5,65.0,49.0,1263,9963,2,0
MEDIUM,18,65.0,51.0,1263,9963,3,0
HARD,6,65.0,13.0,1263,9963,2,1
HARD,44,66.0,45.0,1263,9963,3,0
HARD,27,66.0,66.0,1263,9963,3,47
HARD,14,66.0,66.0,1263,9963,4,17
HARD,1,67.0,67.0,1263,9963,4,0
HARD,63,67.0,67.0,1263,9963,4,25
HARD,12,67.0,67.0,1263,9963,4,29
SOFT,81,67.0,67.0,1263,9963,4,0
MEDIUM,55,66.0,66.0,1263,9963,3,9
MEDIUM,31,66.0,66.0,1263,9963,3,9
MEDIUM,16,67.0,67.0,1263,9963,4,14
MEDIUM,22,66.0,66.0,1263,9963,3,10
SOFT,87,66.0,66.0,1263,9963,3,0
MEDIUM,5,66.0,66.0,1263,9963,3,0
HARD,43,66.0,66.0,1263,9963,3,52
MEDIUM,10,66.0,66.0,1263,9963,3,13
SOFT,6,66.0,66.0,1263,9963,3,3
SOFT,18,66.0,66.0,1263,9963,4,0
HARD,44,67.0,67.0,1263,9963,4,22
HARD,27,67.0,67.0,1263,9963,4,0
HARD,14,67.0,67.0,1263,9963,5,18
HARD,1,68.0,68.0,1263,9963,5,0
MEDIUM,31,67.0,67.0,1263,9963,4,10
MEDIUM,55,67.0,67.0,1263,9963,4,10
HARD,12,68.0,68.0,1263,9963,5,30
HARD,63,68.0,68.0,1263,9963,5,26
MEDIUM,16,68.0,68.0,1263,9963,5,15
SOFT,81,68.0,68.0,1263,9963,5,0
SOFT,87,67.0,67.0,1263,9963,4,1
HARD,43,67.0,67.0,1263,9963,4,53
MEDIUM,5,67.0,67.0,1263,9963,4,0
MEDIUM,22,67.0,67.0,1263,9963,4,0
SOFT,6,67.0,67.0,1263,9963,4,0
MEDIUM,10,67.0,67.0,1263,9963,4,14
HARD,44,68.0,68.0,1263,9963,5,0
SOFT,18,67.0,67.0,1263,9963,5,1
HARD,27,68.0,68.0,1263,9963,5,0
HARD,14,68.0,68.0,1263,9963,6,19
HARD,63,70.0,69.0,1263,9963,6,27
HARD,1,70.0,69.0,1263,9963,6,32
HARD,12,70.0,69.0,1263,9963,6,31
MEDIUM,31,69.0,68.0,1263,9963,5,11
MEDIUM,55,69.0,68.0,1263,9963,5,0
SOFT,81,70.0,69.0,1263,9963,6,5
MEDIUM,16,70.0,69.0,1263,9963,6,16
SOFT,87,69.0,68.0,1263,9963,5,2
MEDIUM,22,69.0,68.0,1263,9963,5,12
HARD,43,69.0,68.0,1263,9963,5,54
MEDIUM,5,69.0,68.0,1263,9963,5,0
MEDIUM,10,69.0,68.0,1263,9963,5,15
SOFT,6,69.0,68.0,1263,9963,5,0
SOFT,18,69.0,68.0,1263,9963,6,2
HARD,44,70.0,69.0,1263,9963,6,24
HARD,14,70.0,69.0,1263,9963,7,20
HARD,27,70.0,69.0,1263,9963,6,0
MEDIUM,12,1.0,1.0,1264,9955,1,0
MEDIUM,55,1.0,1.0,1264,9955,1,0
MEDIUM,1,1.0,1.0,1264,9955,1,0
SOFT,6,2.0,1.0,1264,9955,1,0
SOFT,87,11.0,1.0,1264,9955,1,0
SOFT,10,12.0,1.0,1264,9955,1,3
SOFT,27,12.0,1.0,1264,9955,1,0
MEDIUM,23,13.0,1.0,1264,9955,1,0
SOFT,43,13.0,1.0,1264,9955,1,0
MEDIUM,23,15.0,14.0,1264,9955,2,0
MEDIUM,63,18.0,1.0,1264,9955,1,0
MEDIUM,22,18.0,1.0,1264,9955,1,0
MEDIUM,31,19.0,1.0,1264,9955,1,0
MEDIUM,4,20.0,1.0,1264,9955,1,0
MEDIUM,5,21.0,1.0,1264,9955,1,0
MEDIUM,81,24.0,1.0,1264,9955,1,0
MEDIUM,16,25.0,1.0,1264,9955,1,0
MEDIUM,44,26.0,1.0,1264,9955,1,0
MEDIUM,18,26.0,1.0,1264,9955,1,1
MEDIUM,6,28.0,3.0,1264,9955,2,0
HARD,22,30.0,19.0,1264,9955,2,0
MEDIUM,30,32.0,1.0,1264,9955,1,0
MEDIUM,14,33.0,1.0,1264,9955,1,1
HARD,10,38.0,13.0,1264,9955,2,0
HARD,87,39.0,12.0,1264,9955,2,0
MEDIUM,43,39.0,14.0,1264,9955,2,0
MEDIUM,27,42.0,13.0,1264,9955,2,0
MEDIUM,63,45.0,19.0,1264,9955,2,0
HARD,16,49.0,26.0,1264,9955,2,0
MEDIUM,5,49.0,22.0,1264,9955,2,0
HARD,44,50.0,27.0,1264,9955,2,0
HARD,31,50.0,20.0,1264,9955,2,0
HARD,4,52.0,21.0,1264,9955,2,0
HARD,81,53.0,25.0,1264,9955,2,0
HARD,18,53.0,27.0,1264,9955,2,1
MEDIUM,22,60.0,31.0,1264,9955,3,0
MEDIUM,4,70.0,53.0,1264,9955,3,0
HARD,14,69.0,34.0,1264,9955,2,1
HARD,5,69.0,50.0,1264,9955,3,0
MEDIUM,81,70.0,54.0,1264,9955,3,0
SOFT,22,68.0,61.0,1264,9955,4,0
MEDIUM,27,69.0,43.0,1264,9955,3,0
HARD,31,69.0,51.0,1264,9955,3,0
MEDIUM,16,70.0,50.0,1264,9955,3,0
MEDIUM,87,69.0,40.0,1264,9955,3,0
HARD,6,69.0,29.0,1264,9955,3,0
MEDIUM,44,70.0,51.0,1264,9955,3,0
MEDIUM,10,69.0,39.0,1264,9955,3,0
SOFT,18,69.0,54.0,1264,9955,3,0
HARD,43,69.0,40.0,1264,9955,3,0
HARD,63,70.0,46.0,1264,9955,3,0
HARD,30,70.0,33.0,1264,9955,2,0
INTERMEDIATE,30,1.0,1.0,1277,9947,1,0
HARD,43,1.0,1.0,1277,9947,1,0
INTERMEDIATE,12,2.0,1.0,1277,9947,1,0
MEDIUM,5,3.0,1.0,1277,9947,1,0
INTERMEDIATE,18,6.0,1.0,1277,9947,1,0
INTERMEDIATE,27,9.0,1.0,1277,9947,1,0
HARD,12,9.0,3.0,1277,9947,2,0
SOFT,18,10.0,7.0,1277,9947,2,0
HARD,63,10.0,1.0,1277,9947,1,0
MEDIUM,16,10.0,1.0,1277,9947,1,0
MEDIUM,6,10.0,1.0,1277,9947,1,0
HARD,87,10.0,1.0,1277,9947,1,0
INTERMEDIATE,81,11.0,1.0,1277,9947,1,0
INTERMEDIATE,4,11.0,1.0,1277,9947,1,0
INTERMEDIATE,1,11.0,1.0,1277,9947,1,0
INTERMEDIATE,44,11.0,1.0,1277,9947,1,0
INTERMEDIATE,10,11.0,1.0,1277,9947,1,0
INTERMEDIATE,14,11.0,1.0,1277,9947,1,0
INTERMEDIATE,55,11.0,1.0,1277,9947,1,0
INTERMEDIATE,22,11.0,1.0,1277,9947,1,0
INTERMEDIATE,23,12.0,1.0,1277,9947,1,0
INTERMEDIATE,6,17.0,11.0,1277,9947,2,0
INTERMEDIATE,31,18.0,1.0,1277,9947,1,0
INTERMEDIATE,12,20.0,10.0,1277,9947,3,0
INTERMEDIATE,12,23.0,21.0,1277,9947,4,0
INTERMEDIATE,14,37.0,12.0,1277,9947,2,0
INTERMEDIATE,63,38.0,11.0,1277,9947,2,0
INTERMEDIATE,44,41.0,12.0,1277,9947,2,0
INTERMEDIATE,18,41.0,11.0,1277,9947,3,0
INTERMEDIATE,1,41.0,12.0,1277,9947,2,0
INTERMEDIATE,10,41.0,12.0,1277,9947,2,0
INTERMEDIATE,55,41.0,12.0,1277,9947,2,0
INTERMEDIATE,87,41.0,11.0,1277,9947,2,0
INTERMEDIATE,22,41.0,12.0,1277,9947,2,0
INTERMEDIATE,27,42.0,10.0,1277,9947,2,0
INTERMEDIATE,16,42.0,11.0,1277,9947,2,0
INTERMEDIATE,23,42.0,13.0,1277,9947,2,0
INTERMEDIATE,31,42.0,19.0,1277,9947,2,0
INTERMEDIATE,81,43.0,12.0,1277,9947,2,0
INTERMEDIATE,4,44.0,12.0,1277,9947,2,0
MEDIUM,4,52.0,45.0,1277,9947,3,0
MEDIUM,81,52.0,44.0,1277,9947,3,0
MEDIUM,22,51.0,42.0,1277,9947,3,0
MEDIUM,27,52.0,43.0,1277,9947,3,0
SOFT,44,52.0,42.0,1277,9947,3,3
MEDIUM,1,52.0,42.0,1277,9947,3,0
MEDIUM,10,52.0,42.0,1277,9947,3,0
SOFT,18,52.0,42.0,1277,9947,4,0
MEDIUM,23,52.0,43.0,1277,9947,3,0
MEDIUM,14,52.0,38.0,1277,9947,3,1
HARD,63,52.0,39.0,1277,9947,3,0
MEDIUM,87,52.0,42.0,1277,9947,3,0
MEDIUM,55,52.0,42.0,1277,9947,3,0
MEDIUM,31,52.0,43.0,1277,9947,3,0
SOFT,16,52.0,43.0,1277,9947,3,3
MEDIUM,10,1.0,1.0,1265,9934,1,0
MEDIUM,10,12.0,2.0,1265,9934,2,6
MEDIUM,1,15.0,1.0,1265,9934,1,3
MEDIUM,81,15.0,1.0,1265,9934,1,0
MEDIUM,4,15.0,1.0,1265,9934,1,0
MEDIUM,16,15.0,1.0,1265,9934,1,3
MEDIUM,31,15.0,1.0,1265,9934,1,3
MEDIUM,55,15.0,1.0,1265,9934,1,0
MEDIUM,87,15.0,1.0,1265,9934,1,3
MEDIUM,6,15.0,1.0,1265,9934,1,0
MEDIUM,5,15.0,1.0,1265,9934,1,0
MEDIUM,30,15.0,1.0,1265,9934,1,3
MEDIUM,22,15.0,1.0,1265,9934,1,5
MEDIUM,63,15.0,1.0,1265,9934,1,3
MEDIUM,18,15.0,1.0,1265,9934,1,3
MEDIUM,14,15.0,1.0,1265,9934,1,3
MEDIUM,44,15.0,1.0,1265,9934,1,0
MEDIUM,23,15.0,1.0,1265,9934,1,0
MEDIUM,12,15.0,1.0,1265,9934,1,3
MEDIUM,27,15.0,1.0,1265,9934,1,0
SOFT,43,15.0,1.0,1265,9934,1,0
INTERMEDIATE,44,1.0,1.0,1265,9939,1,0
INTERMEDIATE,14,1.0,1.0,1265,9939,1,0
INTERMEDIATE,4,1.0,1.0,1265,9939,1,0
INTERMEDIATE,55,1.0,1.0,1265,9939,1,0
INTERMEDIATE,30,1.0,1.0,1265,9939,1,0
INTERMEDIATE,10,1.0,1.0,1265,9939,1,0
INTERMEDIATE,81,1.0,1.0,1265,9939,1,0
INTERMEDIATE,5,1.0,1.0,1265,9939,1,0
INTERMEDIATE,31,1.0,1.0,1265,9939,1,0
INTERMEDIATE,6,1.0,1.0,1265,9939,1,0
INTERMEDIATE,1,1.0,1.0,1265,9939,1,0
INTERMEDIATE,27,1.0,1.0,1265,9939,1,0
INTERMEDIATE,16,1.0,1.0,1265,9939,1,0
INTERMEDIATE,22,1.0,1.0,1265,9939,1,0
INTERMEDIATE,23,1.0,1.0,1265,9939,1,0
INTERMEDIATE,63,1.0,1.0,1265,9939,1,0
INTERMEDIATE,12,1.0,1.0,1265,9939,1,0
INTERMEDIATE,18,1.0,1.0,1265,9939,1,0
INTERMEDIATE,43,1.0,1.0,1265,9939,1,0
INTERMEDIATE,87,1.0,1.0,1265,9939,1,0
MEDIUM,1,12.0,2.0,1265,9939,2,0
MEDIUM,87,12.0,2.0,1265,9939,2,0
HARD,4,13.0,2.0,1265,9939,2,0
MEDIUM,5,12.0,2.0,1265,9939,2,0
MEDIUM,6,13.0,2.0,1265,9939,2,0
MEDIUM,10,11.0,2.0,1265,9939,2,0
MEDIUM,12,12.0,2.0,1265,9939,2,0
MEDIUM,14,11.0,2.0,1265,9939,2,0
MEDIUM,18,12.0,2.0,1265,9939,2,0
MEDIUM,22,13.0,2.0,1265,9939,2,0
MEDIUM,23,12.0,2.0,1265,9939,2,0
MEDIUM,27,11.0,2.0,1265,9939,2,0
MEDIUM,30,12.0,2.0,1265,9939,2,0
MEDIUM,31,13.0,2.0,1265,9939,2,0
MEDIUM,43,12.0,2.0,1265,9939,2,0
MEDIUM,55,12.0,2.0,1265,9939,2,0
MEDIUM,63,12.0,2.0,1265,9939,2,0
MEDIUM,81,12.0,2.0,1265,9939,2,0
MEDIUM,16,12.0,2.0,1265,9939,2,0
MEDIUM,44,11.0,2.0,1265,9939,2,0
MEDIUM,81,44.0,13.0,1265,9939,3,0
HARD,4,44.0,14.0,1265,9939,3,0
HARD,6,43.0,14.0,1265,9939,3,3
MEDIUM,16,44.0,13.0,1265,9939,3,0
MEDIUM,1,44.0,13.0,1265,9939,3,0
MEDIUM,63,44.0,13.0,1265,9939,3,0
MEDIUM,23,44.0,13.0,1265,9939,3,0
MEDIUM,44,44.0,12.0,1265,9939,3,0
MEDIUM,30,44.0,13.0,1265,9939,3,0
MEDIUM,5,44.0,13.0,1265,9939,3,0
MEDIUM,10,44.0,12.0,1265,9939,3,0
MEDIUM,87,44.0,13.0,1265,9939,3,0
MEDIUM,27,44.0,12.0,1265,9939,3,0
MEDIUM,22,44.0,14.0,1265,9939,3,0
MEDIUM,18,44.0,13.0,1265,9939,3,0
MEDIUM,31,44.0,14.0,1265,9939,3,7
MEDIUM,12,44.0,13.0,1265,9939,3,0
MEDIUM,14,44.0,12.0,1265,9939,3,0
HARD,55,44.0,13.0,1265,9939,3,0
MEDIUM,43,44.0,13.0,1265,9939,3,0
SOFT,27,5.0,1.0,1266,9928,1,0
MEDIUM,43,13.0,1.0,1266,9928,1,0
MEDIUM,31,14.0,1.0,1266,9928,1,0
SOFT,23,14.0,1.0,1266,9928,1,0
SOFT,55,15.0,1.0,1266,9928,1,0
MEDIUM,1,17.0,1.0,1266,9928,1,0
MEDIUM,81,18.0,1.0,1266,9928,1,0
MEDIUM,16,19.0,1.0,1266,9928,1,0
MEDIUM,63,19.0,1.0,1266,9928,1,0
MEDIUM,22,20.0,1.0,1266,9928,1,0
MEDIUM,12,21.0,1.0,1266,9928,1,0
MEDIUM,87,30.0,1.0,1266,9928,1,0
MEDIUM,4,31.0,1.0,1266,9928,1,0
HARD,10,32.0,1.0,1266,9928,1,0
MEDIUM,6,33.0,1.0,1266,9928,1,0
HARD,43,35.0,14.0,1266,9928,2,0
MEDIUM,18,36.0,1.0,1266,9928,1,1
SOFT,22,37.0,21.0,1266,9928,2,0
MEDIUM,23,38.0,15.0,1266,9928,2,0
MEDIUM,14,39.0,1.0,1266,9928,1,1
HARD,16,40.0,20.0,1266,9928,2,0
MEDIUM,5,40.0,1.0,1266,9928,1,0
MEDIUM,30,40.0,1.0,1266,9928,1,0
MEDIUM,27,41.0,6.0,1266,9928,2,0
HARD,44,42.0,1.0,1266,9928,1,0
HARD,63,43.0,20.0,1266,9928,2,0
HARD,81,45.0,19.0,1266,9928,2,1
HARD,1,48.0,18.0,1266,9928,2,0
HARD,87,48.0,31.0,1266,9928,2,0
HARD,55,51.0,16.0,1266,9928,2,0
HARD,4,70.0,32.0,1266,9928,2,0
HARD,81,70.0,46.0,1266,9928,3,0
HARD,12,69.0,22.0,1266,9928,2,0
HARD,6,69.0,34.0,1266,9928,2,0
MEDIUM,44,69.0,43.0,1266,9928,2,0
HARD,63,70.0,44.0,1266,9928,3,0
MEDIUM,27,69.0,42.0,1266,9928,3,0
MEDIUM,55,69.0,52.0,1266,9928,3,0
HARD,16,70.0,41.0,1266,9928,3,0
HARD,23,69.0,39.0,1266,9928,3,0
HARD,31,69.0,15.0,1266,9928,2,0
MEDIUM,10,69.0,33.0,1266,9928,2,0
HARD,22,69.0,38.0,1266,9928,3,0
HARD,43,69.0,36.0,1266,9928,3,0
HARD,14,70.0,40.0,1266,9928,2,1
HARD,5,70.0,41.0,1266,9928,2,0
HARD,18,70.0,37.0,1266,9928,2,1
HARD,30,70.0,41.0,1266,9928,2,0
HARD,1,70.0,49.0,1266,9928,3,0
SOFT,43,19.0,1.0,1267,9920,1,0
MEDIUM,14,18.0,1.0,1267,9920,1,0
SOFT,27,19.0,1.0,1267,9920,1,0
MEDIUM,18,8.0,1.0,1267,9920,1,0
MEDIUM,5,22.0,1.0,1267,9920,1,0
MEDIUM,30,23.0,1.0,1267,9920,1,0
MEDIUM,55,23.0,1.0,1267,9920,1,0
MEDIUM,6,23.0,1.0,1267,9920,1,0
MEDIUM,12,23.0,1.0,1267,9920,1,0
MEDIUM,23,23.0,1.0,1267,9920,1,0
MEDIUM,63,23.0,1.0,1267,9920,1,0
MEDIUM,10,23.0,1.0,1267,9920,1,0
MEDIUM,81,23.0,1.0,1267,9920,1,0
HARD,87,53.0,1.0,1267,9920,1,0
MEDIUM,4,23.0,1.0,1267,9920,1,0
HARD,31,52.0,1.0,1267,9920,1,0
MEDIUM,44,22.0,1.0,1267,9920,1,0
MEDIUM,16,22.0,1.0,1267,9920,1,0
SOFT,1,23.0,1.0,1267,9920,1,0
SOFT,22,19.0,1.0,1267,9920,1,0
HARD,18,52.0,9.0,1267,9920,2,0
HARD,14,40.0,19.0,1267,9920,2,0
HARD,43,53.0,20.0,1267,9920,2,0
HARD,22,53.0,20.0,1267,9920,2,0
HARD,27,53.0,20.0,1267,9920,2,0
HARD,16,52.0,23.0,1267,9920,2,1
HARD,5,60.0,23.0,1267,9920,2,0
HARD,81,53.0,24.0,1267,9920,2,0
HARD,4,53.0,24.0,1267,9920,2,0
HARD,6,53.0,24.0,1267,9920,2,0
MEDIUM,1,53.0,24.0,1267,9920,2,0
HARD,63,53.0,24.0,1267,9920,2,0
HARD,30,27.0,24.0,1267,9920,2,0
HARD,55,27.0,24.0,1267,9920,2,0
HARD,12,51.0,24.0,1267,9920,2,0
HARD,23,53.0,24.0,1267,9920,2,0
HARD,10,72.0,24.0,1267,9920,2,0
SOFT,30,52.0,28.0,1267,9920,3,3
SOFT,55,51.0,28.0,1267,9920,3,3
HARD,14,72.0,41.0,1267,9920,3,0
SOFT,12,53.0,52.0,1267,9920,3,0
SOFT,16,53.0,53.0,1267,9920,3,3
HARD,18,72.0,53.0,1267,9920,3,0
SOFT,55,65.0,52.0,1267,9920,4,3
MEDIUM,31,72.0,53.0,1267,9920,2,0
HARD,81,72.0,54.0,1267,9920,3,0
HARD,4,64.0,54.0,1267,9920,3,1
SOFT,1,72.0,54.0,1267,9920,3,0
SOFT,6,72.0,54.0,1267,9920,3,2
SOFT,23,72.0,54.0,1267,9920,3,0
SOFT,63,72.0,54.0,1267,9920,3,3
SOFT,30,72.0,53.0,1267,9920,4,3
SOFT,12,72.0,54.0,1267,9920,4,0
SOFT,22,72.0,54.0,1267,9920,3,3
MEDIUM,87,72.0,54.0,1267,9920,2,0
MEDIUM,43,65.0,54.0,1267,9920,3,0
MEDIUM,27,72.0,54.0,1267,9920,3,0
SOFT,5,72.0,61.0,1267,9920,3,0
SOFT,43,72.0,66.0,1267,9920,4,0
SOFT,55,72.0,66.0,1267,9920,5,3
MEDIUM,27,1.0,1.0,1268,9912,1,0
SOFT,30,9.0,1.0,1268,9912,1,0
MEDIUM,87,18.0,1.0,1268,9912,1,0
MEDIUM,22,19.0,1.0,1268,9912,1,0
MEDIUM,5,20.0,1.0,1268,9912,1,0
MEDIUM,14,20.0,1.0,1268,9912,1,1
HARD,14,24.0,21.0,1268,9912,2,1
MEDIUM,63,27.0,1.0,1268,9912,1,0
MEDIUM,12,28.0,1.0,1268,9912,1,0
MEDIUM,55,30.0,1.0,1268,9912,1,0
HARD,6,32.0,1.0,1268,9912,1,1
MEDIUM,16,33.0,1.0,1268,9912,1,0
MEDIUM,43,33.0,1.0,1268,9912,1,0
MEDIUM,1,37.0,1.0,1268,9912,1,0
MEDIUM,44,38.0,1.0,1268,9912,1,0
HARD,23,41.0,1.0,1268,9912,1,0
MEDIUM,81,45.0,1.0,1268,9912,1,0
MEDIUM,4,46.0,1.0,1268,9912,1,0
HARD,18,49.0,1.0,1268,9912,1,1
HARD,10,49.0,1.0,1268,9912,1,0
HARD,31,51.0,1.0,1268,9912,1,0
HARD,1,53.0,38.0,1268,9912,2,0
SOFT,31,52.0,52.0,1268,9912,2,0
SOFT,10,52.0,50.0,1268,9912,2,0
HARD,43,52.0,34.0,1268,9912,2,0
SOFT,18,52.0,50.0,1268,9912,2,0
SOFT,4,53.0,47.0,1268,9912,2,2
SOFT,81,53.0,46.0,1268,9912,2,3
HARD,16,53.0,34.0,1268,9912,2,0
HARD,63,53.0,28.0,1268,9912,2,0
HARD,44,53.0,39.0,1268,9912,2,0
MEDIUM,23,53.0,42.0,1268,9912,2,0
HARD,12,53.0,29.0,1268,9912,2,0
HARD,5,53.0,21.0,1268,9912,2,0
MEDIUM,6,53.0,33.0,1268,9912,2,0
HARD,55,53.0,31.0,1268,9912,2,0
HARD,87,53.0,19.0,1268,9912,2,0
HARD,22,53.0,20.0,1268,9912,2,0
HARD,30,53.0,10.0,1268,9912,2,0
HARD,31,1.0,1.0,1269,9904,1,0
MEDIUM,23,1.0,1.0,1269,9904,1,0
MEDIUM,31,2.0,2.0,1269,9904,2,0
MEDIUM,23,15.0,2.0,1269,9904,2,0
MEDIUM,43,16.0,1.0,1269,9904,1,0
MEDIUM,12,18.0,1.0,1269,9904,1,5
MEDIUM,16,19.0,1.0,1269,9904,1,3
MEDIUM,30,20.0,1.0,1269,9904,1,6
MEDIUM,14,21.0,1.0,1269,9904,1,3
MEDIUM,81,1.0,1.0,1269,9904,1,0
HARD,5,26.0,1.0,1269,9904,1,0
MEDIUM,55,27.0,1.0,1269,9904,1,5
HARD,87,28.0,1.0,1269,9904,1,0
MEDIUM,6,29.0,1.0,1269,9904,1,4
HARD,10,35.0,1.0,1269,9904,1,0
HARD,44,36.0,1.0,1269,9904,1,0
HARD,27,36.0,1.0,1269,9904,1,0
MEDIUM,4,37.0,1.0,1269,9904,1,0
MEDIUM,18,37.0,1.0,1269,9904,1,3
HARD,22,38.0,1.0,1269,9904,1,0
HARD,63,39.0,1.0,1269,9904,1,0
HARD,1,40.0,1.0,1269,9904,1,0
MEDIUM,1,51.0,41.0,1269,9904,2,4
MEDIUM,10,50.0,36.0,1269,9904,2,0
HARD,43,50.0,17.0,1269,9904,2,0
MEDIUM,63,51.0,40.0,1269,9904,2,6
HARD,55,51.0,28.0,1269,9904,2,0
HARD,12,51.0,19.0,1269,9904,2,0
HARD,30,51.0,21.0,1269,9904,2,1
MEDIUM,22,51.0,39.0,1269,9904,2,6
HARD,4,51.0,38.0,1269,9904,2,0
MEDIUM,44,51.0,37.0,1269,9904,2,0
HARD,16,51.0,20.0,1269,9904,2,0
HARD,6,51.0,30.0,1269,9904,2,1
HARD,23,51.0,16.0,1269,9904,3,0
MEDIUM,5,51.0,27.0,1269,9904,2,0
MEDIUM,87,51.0,29.0,1269,9904,2,0
HARD,31,51.0,3.0,1269,9904,3,1
HARD,14,51.0,22.0,1269,9904,2,0
MEDIUM,27,51.0,37.0,1269,9904,2,0
HARD,18,51.0,38.0,1269,9904,2,0
MEDIUM,5,13.0,1.0,1270,9896,1,0
SOFT,22,13.0,1.0,1270,9896,1,0
SOFT,43,14.0,1.0,1270,9896,1,0
SOFT,1,19.0,1.0,1270,9896,1,3
SOFT,6,20.0,1.0,1270,9896,1,2
MEDIUM,16,21.0,1.0,1270,9896,1,0
MEDIUM,87,23.0,1.0,1270,9896,1,0
MEDIUM,44,24.0,1.0,1270,9896,1,0
MEDIUM,10,24.0,1.0,1270,9896,1,0
MEDIUM,63,25.0,1.0,1270,9896,1,0
MEDIUM,12,25.0,1.0,1270,9896,1,0
MEDIUM,27,25.0,1.0,1270,9896,1,0
MEDIUM,4,26.0,1.0,1270,9896,1,0
MEDIUM,81,27.0,1.0,1270,9896,1,0
SOFT,14,27.0,1.0,1270,9896,1,3
MEDIUM,31,30.0,1.0,1270,9896,1,0
SOFT,18,38.0,1.0,1270,9896,1,0
MEDIUM,23,42.0,1.0,1270,9896,1,0
HARD,27,44.0,26.0,1270,9896,2,0
HARD,44,46.0,25.0,1270,9896,2,0
MEDIUM,30,48.0,1.0,1270,9896,1,0
MEDIUM,55,50.0,1.0,1270,9896,1,0
HARD,10,51.0,25.0,1270,9896,2,0
HARD,63,62.0,26.0,1270,9896,2,0
HARD,1,62.0,20.0,1270,9896,2,0
HARD,4,62.0,27.0,1270,9896,2,0
HARD,81,62.0,28.0,1270,9896,2,0
SOFT,55,61.0,51.0,1270,9896,2,0
HARD,6,61.0,21.0,1270,9896,2,0
HARD,22,61.0,14.0,1270,9896,2,0
MEDIUM,18,61.0,39.0,1270,9896,2,1
SOFT,23,61.0,43.0,1270,9896,2,0
SOFT,30,61.0,49.0,1270,9896,2,0
HARD,12,62.0,26.0,1270,9896,2,0
MEDIUM,43,61.0,15.0,1270,9896,2,0
HARD,16,62.0,22.0,1270,9896,2,0
HARD,5,61.0,14.0,1270,9896,2,0
HARD,31,61.0,31.0,1270,9896,2,0
SOFT,10,61.0,52.0,1270,9896,3,0
SOFT,27,61.0,45.0,1270,9896,3,0
SOFT,44,62.0,47.0,1270,9896,3,3
MEDIUM,14,62.0,28.0,1270,9896,2,1
HARD,87,62.0,24.0,1270,9896,2,0
MEDIUM,14,1.0,1.0,1271,9883,1,0
MEDIUM,81,1.0,1.0,1271,9883,1,0
MEDIUM,4,1.0,1.0,1271,9883,1,0
MEDIUM,18,1.0,1.0,1271,9883,1,5
MEDIUM,27,1.0,1.0,1271,9883,1,0
MEDIUM,43,1.0,1.0,1271,9883,1,0
UNKNOWN,43,2.0,2.0,1271,9883,2,6
MEDIUM,31,15.0,1.0,1271,9883,1,0
MEDIUM,18,15.0,2.0,1271,9883,2,5
MEDIUM,1,19.0,1.0,1271,9883,1,0
MEDIUM,63,19.0,1.0,1271,9883,1,5
MEDIUM,55,19.0,1.0,1271,9883,1,0
MEDIUM,44,19.0,1.0,1271,9883,1,5
MEDIUM,16,19.0,1.0,1271,9883,1,1
MEDIUM,23,19.0,1.0,1271,9883,1,0
MEDIUM,22,19.0,1.0,1271,9883,1,0
MEDIUM,87,19.0,1.0,1271,9883,1,0
MEDIUM,12,19.0,1.0,1271,9883,1,5
MEDIUM,30,19.0,1.0,1271,9883,1,5
MEDIUM,10,19.0,1.0,1271,9883,1,0
MEDIUM,5,19.0,1.0,1271,9883,1,0
MEDIUM,6,19.0,1.0,1271,9883,1,6
MEDIUM,27,19.0,2.0,1271,9883,2,0
MEDIUM,43,19.0,3.0,1271,9883,3,0
MEDIUM,55,5.0,1.0,1271,9888,1,0
HARD,23,7.0,1.0,1271,9888,1,0
SOFT,5,14.0,1.0,1271,9888,1,0
SOFT,16,22.0,1.0,1271,9888,1,3
HARD,31,24.0,1.0,1271,9888,1,0
MEDIUM,10,27.0,1.0,1271,9888,1,0
SOFT,18,28.0,1.0,1271,9888,1,0
HARD,6,28.0,1.0,1271,9888,1,0
MEDIUM,22,29.0,1.0,1271,9888,1,0
MEDIUM,81,30.0,1.0,1271,9888,1,0
MEDIUM,87,30.0,1.0,1271,9888,1,0
MEDIUM,14,30.0,1.0,1271,9888,1,1
MEDIUM,30,30.0,1.0,1271,9888,1,0
MEDIUM,44,31.0,1.0,1271,9888,1,0
MEDIUM,12,31.0,1.0,1271,9888,1,0
MEDIUM,4,32.0,1.0,1271,9888,1,0
MEDIUM,43,32.0,1.0,1271,9888,1,0
MEDIUM,1,33.0,1.0,1271,9888,1,0
MEDIUM,63,33.0,1.0,1271,9888,1,0
MEDIUM,27,33.0,1.0,1271,9888,1,0
MEDIUM,23,36.0,8.0,1271,9888,2,0
MEDIUM,5,36.0,15.0,1271,9888,2,0
SOFT,1,56.0,34.0,1271,9888,2,2
SOFT,43,55.0,33.0,1271,9888,2,2
SOFT,5,55.0,37.0,1271,9888,3,0
SOFT,10,55.0,28.0,1271,9888,2,2
SOFT,4,56.0,33.0,1271,9888,2,6
MEDIUM,16,56.0,23.0,1271,9888,2,0
SOFT,44,56.0,32.0,1271,9888,2,2
SOFT,81,56.0,31.0,1271,9888,2,3
SOFT,63,56.0,34.0,1271,9888,2,3
SOFT,22,56.0,30.0,1271,9888,2,0
SOFT,27,56.0,34.0,1271,9888,2,0
SOFT,87,56.0,31.0,1271,9888,2,3
SOFT,14,56.0,31.0,1271,9888,2,3
SOFT,30,56.0,31.0,1271,9888,2,0
MEDIUM,18,56.0,29.0,1271,9888,2,1
SOFT,12,56.0,32.0,1271,9888,2,3
SOFT,23,56.0,37.0,1271,9888,3,0
MEDIUM,31,56.0,25.0,1271,9888,2,0
SOFT,6,56.0,29.0,1271,9888,2,0
SOFT,30,2.0,1.0,1272,9877,1,0
HARD,30,5.0,3.0,1272,9877,2,0
MEDIUM,55,17.0,1.0,1272,9877,1,0
SOFT,14,20.0,1.0,1272,9877,1,0
SOFT,12,22.0,1.0,1272,9877,1,3
SOFT,44,23.0,1.0,1272,9877,1,3
SOFT,87,24.0,1.0,1272,9877,1,3
SOFT,81,24.0,1.0,1272,9877,1,3
SOFT,63,25.0,1.0,1272,9877,1,3
SOFT,27,25.0,1.0,1272,9877,1,0
SOFT,18,26.0,1.0,1272,9877,1,0
SOFT,31,27.0,1.0,1272,9877,1,0
SOFT,16,31.0,1.0,1272,9877,1,0
MEDIUM,10,33.0,1.0,1272,9877,1,0
SOFT,4,34.0,1.0,1272,9877,1,0
MEDIUM,6,34.0,1.0,1272,9877,1,0
MEDIUM,14,34.0,21.0,1272,9877,2,1
MEDIUM,22,36.0,1.0,1272,9877,1,0
MEDIUM,1,37.0,1.0,1272,9877,1,0
MEDIUM,5,37.0,1.0,1272,9877,1,0
HARD,23,41.0,1.0,1272,9877,1,0
MEDIUM,18,43.0,27.0,1272,9877,2,1
SOFT,55,46.0,18.0,1272,9877,2,0
MEDIUM,12,47.0,23.0,1272,9877,2,0
MEDIUM,81,47.0,25.0,1272,9877,2,0
MEDIUM,44,47.0,24.0,1272,9877,2,0
MEDIUM,87,48.0,25.0,1272,9877,2,0
MEDIUM,63,48.0,26.0,1272,9877,2,0
HARD,43,48.0,1.0,1272,9877,1,0
SOFT,55,56.0,47.0,1272,9877,3,3
SOFT,55,67.0,57.0,1272,9877,4,13
MEDIUM,4,71.0,35.0,1272,9877,2,0
SOFT,23,70.0,42.0,1272,9877,2,0
SOFT,6,70.0,35.0,1272,9877,2,3
SOFT,18,70.0,44.0,1272,9877,3,1
MEDIUM,16,71.0,32.0,1272,9877,2,0
SOFT,1,71.0,38.0,1272,9877,2,3
SOFT,87,71.0,49.0,1272,9877,3,3
SOFT,81,71.0,48.0,1272,9877,3,3
SOFT,10,70.0,34.0,1272,9877,2,0
SOFT,43,70.0,49.0,1272,9877,2,0
SOFT,12,71.0,48.0,1272,9877,3,3
SOFT,63,71.0,49.0,1272,9877,3,3
SOFT,44,71.0,48.0,1272,9877,3,3
MEDIUM,31,71.0,28.0,1272,9877,2,0
SOFT,5,71.0,38.0,1272,9877,2,0
SOFT,22,71.0,37.0,1272,9877,2,0
MEDIUM,81,5.0,1.0,1273,9864,1,4
MEDIUM,43,5.0,1.0,1273,9864,1,6
MEDIUM,27,6.0,1.0,1273,9864,1,6
MEDIUM,4,7.0,1.0,1273,9864,1,5
SOFT,12,7.0,1.0,1273,9864,1,6
SOFT,63,7.0,1.0,1273,9864,1,6
SOFT,1,7.0,1.0,1273,9864,1,3
MEDIUM,14,7.0,1.0,1273,9864,1,3
SOFT,16,7.0,1.0,1273,9864,1,6
MEDIUM,44,7.0,1.0,1273,9864,1,6
MEDIUM,18,7.0,1.0,1273,9864,1,0
MEDIUM,10,7.0,1.0,1273,9864,1,6
SOFT,23,7.0,1.0,1273,9864,1,0
SOFT,6,7.0,1.0,1273,9864,1,3
MEDIUM,5,7.0,1.0,1273,9864,1,6
MEDIUM,30,7.0,1.0,1273,9864,1,5
MEDIUM,31,7.0,1.0,1273,9864,1,6
MEDIUM,87,7.0,1.0,1273,9864,1,6
MEDIUM,22,7.0,1.0,1273,9864,1,6
MEDIUM,55,7.0,1.0,1273,9864,1,6
MEDIUM,27,7.0,7.0,1273,9864,2,0
MEDIUM,5,23.0,8.0,1273,9864,2,10
SOFT,4,24.0,8.0,1273,9864,2,6
MEDIUM,12,24.0,8.0,1273,9864,2,5
MEDIUM,63,24.0,8.0,1273,9864,2,6
MEDIUM,1,24.0,8.0,1273,9864,2,0
MEDIUM,16,24.0,8.0,1273,9864,2,8
SOFT,14,24.0,8.0,1273,9864,2,3
MEDIUM,44,24.0,8.0,1273,9864,2,8
SOFT,10,24.0,8.0,1273,9864,2,0
SOFT,18,24.0,8.0,1273,9864,2,3
MEDIUM,6,24.0,8.0,1273,9864,2,6
MEDIUM,31,24.0,8.0,1273,9864,2,10
MEDIUM,87,24.0,8.0,1273,9864,2,10
MEDIUM,30,24.0,8.0,1273,9864,2,12
MEDIUM,22,24.0,8.0,1273,9864,2,13
MEDIUM,55,24.0,8.0,1273,9864,2,12
MEDIUM,27,24.0,8.0,1273,9864,3,11
SOFT,23,24.0,8.0,1273,9864,2,7
MEDIUM,63,34.0,1.0,1273,9869,1,4
HARD,22,2.0,1.0,1273,9869,1,0
SOFT,55,17.0,1.0,1273,9869,1,0
SOFT,10,18.0,1.0,1273,9869,1,3
HARD,1,7.0,1.0,1273,9869,1,0
MEDIUM,43,29.0,1.0,1273,9869,1,0
SOFT,12,21.0,1.0,1273,9869,1,3
MEDIUM,27,36.0,1.0,1273,9869,1,0
HARD,31,8.0,1.0,1273,9869,1,0
MEDIUM,16,5.0,1.0,1273,9869,1,0
SOFT,87,17.0,1.0,1273,9869,1,2
HARD,18,29.0,1.0,1273,9869,1,0
MEDIUM,4,30.0,1.0,1273,9869,1,0
SOFT,44,2.0,1.0,1273,9869,1,0
SOFT,6,18.0,1.0,1273,9869,1,3
SOFT,30,19.0,1.0,1273,9869,1,3
MEDIUM,81,38.0,1.0,1273,9869,1,0
MEDIUM,23,35.0,1.0,1273,9869,1,6
HARD,14,28.0,1.0,1273,9869,1,0
SOFT,5,1.0,1.0,1273,9869,1,0
MEDIUM,22,24.0,3.0,1273,9869,2,0
HARD,44,14.0,3.0,1273,9869,2,0
MEDIUM,1,34.0,8.0,1273,9869,2,0
MEDIUM,31,47.0,9.0,1273,9869,2,0
MEDIUM,44,32.0,15.0,1273,9869,3,0
MEDIUM,87,42.0,18.0,1273,9869,2,0
MEDIUM,55,38.0,18.0,1273,9869,2,0
MEDIUM,6,37.0,19.0,1273,9869,2,6
MEDIUM,10,39.0,19.0,1273,9869,2,0
MEDIUM,30,71.0,20.0,1273,9869,2,0
MEDIUM,12,47.0,22.0,1273,9869,2,0
MEDIUM,22,47.0,25.0,1273,9869,3,0
MEDIUM,14,46.0,29.0,1273,9869,2,6
MEDIUM,18,54.0,30.0,1273,9869,2,0
SOFT,43,43.0,30.0,1273,9869,2,0
SOFT,4,50.0,31.0,1273,9869,2,3
MEDIUM,44,37.0,33.0,1273,9869,4,0
SOFT,63,48.0,35.0,1273,9869,2,1
MEDIUM,1,54.0,35.0,1273,9869,3,0
SOFT,23,55.0,36.0,1273,9869,2,2
SOFT,27,71.0,37.0,1273,9869,2,0
MEDIUM,6,71.0,38.0,1273,9869,3,0
SOFT,81,51.0,39.0,1273,9869,2,2
MEDIUM,55,71.0,39.0,1273,9869,3,0
MEDIUM,10,71.0,40.0,1273,9869,3,6
MEDIUM,87,71.0,43.0,1273,9869,3,0
MEDIUM,43,71.0,44.0,1273,9869,3,0
MEDIUM,14,71.0,47.0,1273,9869,3,0
MEDIUM,12,71.0,48.0,1273,9869,3,5
MEDIUM,31,71.0,48.0,1273,9869,3,0
MEDIUM,22,71.0,48.0,1273,9869,4,0
MEDIUM,63,71.0,49.0,1273,9869,3,3
MEDIUM,4,71.0,51.0,1273,9869,3,9
MEDIUM,81,71.0,52.0,1273,9869,3,0
SOFT,1,71.0,55.0,1273,9869,4,0
MEDIUM,18,71.0,55.0,1273,9869,3,0
MEDIUM,23,71.0,56.0,1273,9869,3,0
HARD,5,1.0,1.0,1274,9858,1,0
MEDIUM,31,27.0,1.0,1274,9858,1,0
MEDIUM,6,20.0,1.0,1274,9858,1,0
SOFT,12,2.0,1.0,1274,9858,1,0
MEDIUM,1,25.0,1.0,1274,9858,1,0
HARD,27,30.0,1.0,1274,9858,1,0
MEDIUM,22,1.0,1.0,1274,9858,1,0
HARD,23,13.0,1.0,1274,9858,1,0
MEDIUM,30,2.0,1.0,1274,9858,1,0
HARD,43,25.0,1.0,1274,9858,1,0
MEDIUM,63,17.0,1.0,1274,9858,1,0
MEDIUM,18,1.0,1.0,1274,9858,1,0
MEDIUM,4,22.0,1.0,1274,9858,1,0
HARD,44,29.0,1.0,1274,9858,1,0
MEDIUM,14,16.0,1.0,1274,9858,1,0
MEDIUM,55,22.0,1.0,1274,9858,1,0
MEDIUM,10,2.0,1.0,1274,9858,1,0
MEDIUM,16,24.0,1.0,1274,9858,1,0
MEDIUM,81,21.0,1.0,1274,9858,1,0
MEDIUM,87,17.0,1.0,1274,9858,1,0
HARD,22,27.0,2.0,1274,9858,2,0
MEDIUM,5,2.0,2.0,1274,9858,2,0
HARD,12,50.0,3.0,1274,9858,2,0
HARD,10,50.0,3.0,1274,9858,2,0
HARD,30,28.0,3.0,1274,9858,2,0
MEDIUM,23,14.0,14.0,1274,9858,2,0
HARD,23,34.0,15.0,1274,9858,3,0
HARD,14,50.0,17.0,1274,9858,2,0
HARD,63,18.0,18.0,1274,9858,2,0
HARD,63,50.0,19.0,1274,9858,3,0
HARD,87,50.0,18.0,1274,9858,2,0
HARD,6,50.0,21.0,1274,9858,2,0
HARD,81,50.0,22.0,1274,9858,2,0
HARD,4,50.0,23.0,1274,9858,2,0
HARD,55,50.0,23.0,1274,9858,2,0
HARD,16,50.0,25.0,1274,9858,2,0
HARD,1,50.0,26.0,1274,9858,2,0
MEDIUM,43,49.0,26.0,1274,9858,2,0
HARD,31,50.0,28.0,1274,9858,2,0
MEDIUM,22,50.0,28.0,1274,9858,3,0
HARD,30,49.0,29.0,1274,9858,3,0
MEDIUM,44,50.0,30.0,1274,9858,2,0
MEDIUM,27,50.0,31.0,1274,9858,2,0
MEDIUM,23,35.0,35.0,1274,9858,4,1
MEDIUM,30,19.0,1.0,1275,9845,1,6
MEDIUM,6,1.0,1.0,1275,9845,1,6
MEDIUM,1,1.0,1.0,1275,9845,1,6
MEDIUM,23,1.0,1.0,1275,9845,1,6
MEDIUM,14,1.0,1.0,1275,9845,1,6
MEDIUM,18,13.0,1.0,1275,9845,1,7
MEDIUM,55,19.0,1.0,1275,9845,1,6
MEDIUM,22,1.0,1.0,1275,9845,1,6
MEDIUM,44,19.0,1.0,1275,9845,1,0
MEDIUM,12,1.0,1.0,1275,9845,1,6
MEDIUM,63,19.0,1.0,1275,9845,1,6
MEDIUM,10,1.0,1.0,1275,9845,1,0
MEDIUM,5,1.0,1.0,1275,9845,1,6
MEDIUM,81,19.0,1.0,1275,9845,1,5
MEDIUM,43,17.0,1.0,1275,9845,1,0
MEDIUM,16,1.0,1.0,1275,9845,1,6
MEDIUM,27,19.0,1.0,1275,9845,1,6
MEDIUM,87,19.0,1.0,1275,9845,1,6
MEDIUM,31,19.0,1.0,1275,9845,1,6
MEDIUM,4,1.0,1.0,1275,9845,1,5
HARD,12,19.0,2.0,1275,9845,2,0
HARD,5,19.0,2.0,1275,9845,2,0
HARD,6,19.0,2.0,1275,9845,2,0
HARD,4,19.0,2.0,1275,9845,2,0
SOFT,10,19.0,2.0,1275,9845,2,0
HARD,1,19.0,2.0,1275,9845,2,0
HARD,14,19.0,2.0,1275,9845,2,0
HARD,22,19.0,2.0,1275,9845,2,0
HARD,16,19.0,2.0,1275,9845,2,0
HARD,23,19.0,2.0,1275,9845,2,0
SOFT,18,19.0,14.0,1275,9845,2,10
SOFT,43,19.0,18.0,1275,9845,2,6
MEDIUM,5,7.0,1.0,1275,9850,1,0
MEDIUM,31,8.0,1.0,1275,9850,1,0
MEDIUM,6,7.0,1.0,1275,9850,1,0
MEDIUM,1,7.0,1.0,1275,9850,1,0
MEDIUM,16,7.0,1.0,1275,9850,1,0
MEDIUM,87,7.0,1.0,1275,9850,1,0
MEDIUM,22,7.0,1.0,1275,9850,1,0
MEDIUM,12,7.0,1.0,1275,9850,1,0
MEDIUM,63,7.0,1.0,1275,9850,1,0
HARD,43,7.0,1.0,1275,9850,1,0
MEDIUM,18,7.0,1.0,1275,9850,1,0
SOFT,27,6.0,1.0,1275,9850,1,0
HARD,23,7.0,1.0,1275,9850,1,0
MEDIUM,14,7.0,1.0,1275,9850,1,0
MEDIUM,4,25.0,1.0,1275,9850,1,0
SOFT,44,7.0,1.0,1275,9850,1,0
MEDIUM,10,7.0,1.0,1275,9850,1,0
MEDIUM,55,7.0,1.0,1275,9850,1,0
MEDIUM,30,7.0,1.0,1275,9850,1,0
MEDIUM,81,24.0,1.0,1275,9850,1,0
MEDIUM,1,32.0,8.0,1275,9850,2,0
MEDIUM,12,32.0,8.0,1275,9850,2,0
MEDIUM,55,32.0,8.0,1275,9850,2,0
MEDIUM,14,32.0,8.0,1275,9850,2,0
MEDIUM,63,32.0,8.0,1275,9850,2,0
MEDIUM,6,32.0,8.0,1275,9850,2,0
MEDIUM,16,32.0,8.0,1275,9850,2,0
MEDIUM,30,32.0,8.0,1275,9850,2,0
MEDIUM,87,32.0,8.0,1275,9850,2,0
MEDIUM,23,32.0,8.0,1275,9850,2,0
MEDIUM,5,32.0,8.0,1275,9850,2,0
MEDIUM,18,24.0,8.0,1275,9850,2,0
MEDIUM,22,32.0,8.0,1275,9850,2,0
MEDIUM,44,32.0,8.0,1275,9850,2,0
MEDIUM,43,32.0,8.0,1275,9850,2,0
HARD,10,32.0,8.0,1275,9850,2,0
HARD,31,9.0,9.0,1275,9850,2,0
MEDIUM,31,34.0,10.0,1275,9850,3,0
MEDIUM,81,42.0,25.0,1275,9850,2,0
MEDIUM,18,49.0,25.0,1275,9850,3,0
MEDIUM,4,44.0,26.0,1275,9850,2,0
HARD,1,57.0,33.0,1275,9850,3,0
HARD,55,57.0,33.0,1275,9850,3,0
HARD,12,57.0,33.0,1275,9850,3,0
HARD,6,55.0,33.0,1275,9850,3,0
HARD,14,57.0,33.0,1275,9850,3,0
HARD,63,57.0,33.0,1275,9850,3,0
HARD,16,57.0,33.0,1275,9850,3,0
HARD,22,57.0,33.0,1275,9850,3,0
HARD,30,57.0,33.0,1275,9850,3,0
SOFT,5,57.0,33.0,1275,9850,3,0
MEDIUM,44,57.0,33.0,1275,9850,3,0
MEDIUM,23,57.0,33.0,1275,9850,3,0
MEDIUM,43,56.0,33.0,1275,9850,3,0
MEDIUM,10,56.0,33.0,1275,9850,3,0
HARD,87,40.0,33.0,1275,9850,3,0
HARD,31,56.0,35.0,1275,9850,4,1
HARD,87,41.0,41.0,1275,9850,4,8
HARD,81,57.0,43.0,1275,9850,3,0
HARD,4,57.0,45.0,1275,9850,3,0
SOFT,18,55.0,50.0,1275,9850,4,0
MEDIUM,55,18.0,1.0,1276,9839,1,0
MEDIUM,10,13.0,1.0,1276,9839,1,0
MEDIUM,43,15.0,1.0,1276,9839,1,0
HARD,12,32.0,1.0,1276,9839,1,0
MEDIUM,63,14.0,1.0,1276,9839,1,0
SOFT,44,8.0,1.0,1276,9839,1,0
MEDIUM,6,14.0,1.0,1276,9839,1,0
MEDIUM,1,23.0,1.0,1276,9839,1,0
HARD,81,41.0,1.0,1276,9839,1,0
SOFT,23,8.0,1.0,1276,9839,1,0
MEDIUM,5,15.0,1.0,1276,9839,1,0
MEDIUM,30,21.0,1.0,1276,9839,1,0
SOFT,27,7.0,1.0,1276,9839,1,0
MEDIUM,14,16.0,1.0,1276,9839,1,1
MEDIUM,16,16.0,1.0,1276,9839,1,0
MEDIUM,31,19.0,1.0,1276,9839,1,0
MEDIUM,87,14.0,1.0,1276,9839,1,0
HARD,18,42.0,1.0,1276,9839,1,1
HARD,22,32.0,1.0,1276,9839,1,0
MEDIUM,4,16.0,1.0,1276,9839,1,0
HARD,27,42.0,8.0,1276,9839,2,0
HARD,44,31.0,9.0,1276,9839,2,0
HARD,23,33.0,9.0,1276,9839,2,0
HARD,10,40.0,14.0,1276,9839,2,0
HARD,63,58.0,15.0,1276,9839,2,0
HARD,6,57.0,15.0,1276,9839,2,0
HARD,87,58.0,15.0,1276,9839,2,0
HARD,5,58.0,16.0,1276,9839,2,0
HARD,43,40.0,16.0,1276,9839,2,0
HARD,4,40.0,17.0,1276,9839,2,0
HARD,16,39.0,17.0,1276,9839,2,0
HARD,14,58.0,17.0,1276,9839,2,1
HARD,55,58.0,19.0,1276,9839,2,0
HARD,31,58.0,20.0,1276,9839,2,0
HARD,30,57.0,22.0,1276,9839,2,0
HARD,1,58.0,24.0,1276,9839,2,0
MEDIUM,44,58.0,32.0,1276,9839,3,0
MEDIUM,22,58.0,33.0,1276,9839,2,0
MEDIUM,12,58.0,33.0,1276,9839,2,0
MEDIUM,23,58.0,34.0,1276,9839,3,0
MEDIUM,16,58.0,40.0,1276,9839,3,3
HARD,4,58.0,41.0,1276,9839,3,0
MEDIUM,10,57.0,41.0,1276,9839,3,3
MEDIUM,43,57.0,41.0,1276,9839,3,0
MEDIUM,81,58.0,42.0,1276,9839,2,0
MEDIUM,18,58.0,43.0,1276,9839,2,0
MEDIUM,27,58.0,43.0,1276,9839,3,0
HARD,27,1.0,1.0,1279,11234,1,0
HARD,43,8.0,1.0,1279,11234,1,0
MEDIUM,6,10.0,1.0,1279,11234,1,0
MEDIUM,1,10.0,1.0,1279,11234,1,0
UNKNOWN,31,10.0,1.0,1279,11234,1,2
UNKNOWN,10,10.0,1.0,1279,11234,1,2
SOFT,55,10.0,1.0,1279,11234,1,0
UNKNOWN,30,10.0,1.0,1279,11234,1,2
SOFT,14,10.0,1.0,1279,11234,1,0
MEDIUM,18,10.0,1.0,1279,11234,1,0
UNKNOWN,63,11.0,1.0,1279,11234,1,2
MEDIUM,12,11.0,1.0,1279,11234,1,0
UNKNOWN,23,11.0,1.0,1279,11234,1,2
HARD,77,11.0,1.0,1279,11234,1,0
HARD,77,15.0,12.0,1279,11234,2,12
MEDIUM,41,17.0,1.0,1279,11234,1,0
MEDIUM,87,17.0,1.0,1279,11234,1,0
HARD,3,17.0,1.0,1279,11234,1,0
MEDIUM,5,17.0,1.0,1279,11234,1,0
UNKNOWN,11,17.0,1.0,1279,11234,1,2
SOFT,14,12.0,11.0,1279,11234,2,0
MEDIUM,16,24.0,1.0,1279,11234,1,0
HARD,18,25.0,11.0,1279,11234,2,0
MEDIUM,44,27.0,1.0,1279,11234,1,0
SOFT,14,21.0,13.0,1279,11234,3,2
HARD,5,32.0,18.0,1279,11234,2,0
HARD,23,32.0,12.0,1279,11234,2,0
HARD,30,32.0,11.0,1279,11234,2,0
HARD,55,32.0,11.0,1279,11234,2,0
HARD,1,33.0,11.0,1279,11234,2,0
MEDIUM,3,40.0,18.0,1279,11234,2,0
HARD,11,42.0,18.0,1279,11234,2,0
MEDIUM,55,44.0,33.0,1279,11234,3,0
HARD,43,45.0,9.0,1279,11234,2,9
SOFT,18,33.0,26.0,1279,11234,3,0
SOFT,18,38.0,34.0,1279,11234,4,0
HARD,63,58.0,12.0,1279,11234,2,0
HARD,12,58.0,12.0,1279,11234,2,0
HARD,87,57.0,18.0,1279,11234,2,0
SOFT,11,55.0,43.0,1279,11234,3,0
SOFT,43,56.0,46.0,1279,11234,3,0
HARD,41,57.0,18.0,1279,11234,2,0
HARD,5,57.0,33.0,1279,11234,3,0
HARD,16,58.0,25.0,1279,11234,2,0
HARD,44,58.0,28.0,1279,11234,2,0
HARD,10,57.0,11.0,1279,11234,2,0
HARD,31,57.0,11.0,1279,11234,2,0
SOFT,55,56.0,45.0,1279,11234,4,0
MEDIUM,1,58.0,34.0,1279,11234,3,0
HARD,3,58.0,41.0,1279,11234,3,0
SOFT,23,57.0,33.0,1279,11234,3,0
SOFT,30,57.0,33.0,1279,11234,3,0
SOFT,18,43.0,39.0,1279,11234,5,0
