driver_number,date,meeting_key,position,session_key
1,2024-03-02 15:03:50.439000+00:00,1229,1,9472
2,2024-03-02 15:19:38.301000+00:00,1229,20,9472
3,2024-03-02 16:28:00.504000+00:00,1229,13,9472
4,2024-03-02 16:02:14.962000+00:00,1229,6,9472
10,2024-03-02 16:15:08.640000+00:00,1229,18,9472
11,2024-03-02 15:28:35.403000+00:00,1229,2,9472
14,2024-03-02 16:21:00.636000+00:00,1229,9,9472
16,2024-03-02 16:18:00.310000+00:00,1229,4,9472
18,2024-03-02 16:21:00.636000+00:00,1229,10,9472
20,2024-03-02 16:05:21.589000+00:00,1229,12,9472
22,2024-03-02 16:28:00.504000+00:00,1229,14,9472
23,2024-03-02 16:11:38.353000+00:00,1229,15,9472
24,2024-03-02 16:14:54.713000+00:00,1229,11,9472
27,2024-03-02 16:24:43.310000+00:00,1229,16,9472
31,2024-03-02 16:24:43.310000+00:00,1229,17,9472
44,2024-03-02 16:06:09.036000+00:00,1229,7,9472
55,2024-03-02 15:32:06.686000+00:00,1229,3,9472
63,2024-03-02 16:18:00.310000+00:00,1229,5,9472
77,2024-03-02 15:53:45.078000+00:00,1229,19,9472
81,2024-03-02 16:07:48.574000+00:00,1229,8,9472
1,2024-03-09 17:26:02.659000+00:00,1230,1,9480
2,2024-03-09 18:26:08.292000+00:00,1230,15,9480
3,2024-03-09 18:12:23.926000+00:00,1230,16,9480
4,2024-03-09 18:05:25.402000+00:00,1230,8,9480
10,2024-03-09 17:04:22.959000+00:00,1230,20,9480
11,2024-03-09 17:33:53.976000+00:00,1230,2,9480
14,2024-03-09 18:05:18.345000+00:00,1230,5,9480
16,2024-03-09 17:48:00.079000+00:00,1230,3,9480
18,2024-03-09 17:13:27.009000+00:00,1230,19,9480
20,2024-03-09 18:26:10.887000+00:00,1230,12,9480
22,2024-03-09 18:26:08.292000+00:00,1230,14,9480
23,2024-03-09 18:26:10.887000+00:00,1230,11,9480
24,2024-03-09 18:12:43.515000+00:00,1230,18,9480
27,2024-03-09 18:12:09.751000+00:00,1230,10,9480
31,2024-03-09 18:26:08.292000+00:00,1230,13,9480
38,2024-03-09 18:05:25.402000+00:00,1230,7,9480
44,2024-03-09 18:03:52.345000+00:00,1230,9,9480
63,2024-03-09 18:05:19.556000+00:00,1230,6,9480
77,2024-03-09 18:12:43.515000+00:00,1230,17,9480
81,2024-03-09 18:05:14.217000+00:00,1230,4,9480
1,2024-03-24 04:50:41.826000+00:00,1231,19,9488
3,2024-03-24 05:23:51.010000+00:00,1231,12,9488
4,2024-03-24 04:59:07.089000+00:00,1231,3,9488
10,2024-03-24 05:24:15.464000+00:00,1231,13,9488
11,2024-03-24 05:06:11.639000+00:00,1231,5,9488
14,2024-03-24 05:06:28.781000+00:00,1231,6,9488
16,2024-03-24 04:59:07.089000+00:00,1231,2,9488
18,2024-03-24 05:22:02.324000+00:00,1231,7,9488
20,2024-03-24 05:23:43.614000+00:00,1231,10,9488
22,2024-03-24 05:22:13.936000+00:00,1231,8,9488
23,2024-03-24 05:23:44.510000+00:00,1231,11,9488
24,2024-03-24 05:24:23.789000+00:00,1231,15,9488
27,2024-03-24 05:22:25.472000+00:00,1231,9,9488
31,2024-03-24 05:24:33.475000+00:00,1231,16,9488
44,2024-03-24 04:50:41.826000+00:00,1231,18,9488
55,2024-03-24 04:27:14.292000+00:00,1231,1,9488
63,2024-03-24 05:24:33.475000+00:00,1231,17,9488
77,2024-03-24 05:24:21.816000+00:00,1231,14,9488
81,2024-03-24 05:00:21.294000+00:00,1231,4,9488
1,2024-04-07 06:31:15.455000+00:00,1232,1,9496
2,2024-04-07 06:40:13.879000+00:00,1232,17,9496
3,2024-04-07 05:04:05.179000+00:00,1232,19,9496
4,2024-04-07 06:42:43.178000+00:00,1232,5,9496
10,2024-04-07 06:40:13.879000+00:00,1232,16,9496
11,2024-04-07 06:31:27.890000+00:00,1232,2,9496
14,2024-04-07 06:36:32.881000+00:00,1232,6,9496
16,2024-04-07 06:45:54.653000+00:00,1232,4,9496
18,2024-04-07 06:56:44.242000+00:00,1232,12,9496
20,2024-04-07 06:50:20.563000+00:00,1232,13,9496
22,2024-04-07 06:26:08.971000+00:00,1232,10,9496
23,2024-04-07 05:04:05.179000+00:00,1232,20,9496
24,2024-04-07 05:44:27.193000+00:00,1232,18,9496
27,2024-04-07 06:56:44.242000+00:00,1232,11,9496
31,2024-04-07 06:40:02.864000+00:00,1232,15,9496
44,2024-04-07 06:36:42.717000+00:00,1232,9,9496
55,2024-04-07 06:45:54.653000+00:00,1232,3,9496
63,2024-04-07 06:57:21.171000+00:00,1232,7,9496
77,2024-04-07 06:47:08.504000+00:00,1232,14,9496
81,2024-04-07 06:57:21.171000+00:00,1232,8,9496
1,2024-04-20 03:19:04.177000+00:00,1233,1,9672
2,2024-04-20 03:33:27.252000+00:00,1233,18,9672
3,2024-04-20 03:31:38.508000+00:00,1233,11,9672
4,2024-04-20 03:31:19.836000+00:00,1233,6,9672
10,2024-04-20 03:31:42.223000+00:00,1233,15,9672
11,2024-04-20 03:30:28.731000+00:00,1233,3,9672
14,2024-04-20 03:33:28.739000+00:00,1233,20,9672
16,2024-04-20 03:31:38.397000+00:00,1233,4,9672
18,2024-04-20 03:36:36.058000+00:00,1233,14,9672
20,2024-04-20 03:31:37.351000+00:00,1233,10,9672
22,2024-04-20 03:31:43.770000+00:00,1233,16,9672
23,2024-04-20 03:31:45.016000+00:00,1233,17,9672
24,2024-04-20 03:31:34.321000+00:00,1233,9,9672
27,2024-04-20 03:33:28.739000+00:00,1233,19,9672
31,2024-04-20 03:36:36.058000+00:00,1233,13,9672
44,2024-04-20 03:19:04.177000+00:00,1233,2,9672
55,2024-04-20 03:31:38.397000+00:00,1233,5,9672
63,2024-04-20 03:31:30.062000+00:00,1233,8,9672
77,2024-04-20 03:31:41.130000+00:00,1233,12,9672
81,2024-04-20 03:31:23.767000+00:00,1233,7,9672
1,2024-04-21 08:53:47.566000+00:00,1233,1,9673
2,2024-04-21 08:43:59.777000+00:00,1233,17,9673
3,2024-04-21 08:06:24.578000+00:00,1233,18,9673
4,2024-04-21 08:53:47.566000+00:00,1233,2,9673
10,2024-04-21 08:53:47.566000+00:00,1233,13,9673
11,2024-04-21 08:53:47.566000+00:00,1233,3,9673
14,2024-04-21 08:46:12.093000+00:00,1233,7,9673
16,2024-04-21 08:15:22.120000+00:00,1233,4,9673
18,2024-04-21 08:53:47.566000+00:00,1233,15,9673
20,2024-04-21 08:53:47.566000+00:00,1233,16,9673
22,2024-04-21 07:54:15.738000+00:00,1233,19,9673
23,2024-04-21 08:26:37.873000+00:00,1233,12,9673
24,2024-04-21 08:53:47.566000+00:00,1233,14,9673
27,2024-04-21 08:46:05.991000+00:00,1233,10,9673
31,2024-04-21 08:46:05.991000+00:00,1233,11,9673
44,2024-04-21 08:32:27.715000+00:00,1233,9,9673
55,2024-04-21 08:46:08.403000+00:00,1233,5,9673
63,2024-04-21 08:46:12.093000+00:00,1233,6,9673
77,2024-04-21 07:38:01.560000+00:00,1233,20,9673
81,2024-04-21 08:33:23.774000+00:00,1233,8,9673
1,2024-05-04 15:20:02.064000+00:00,1234,1,9506
2,2024-05-04 16:41:19.513000+00:00,1234,10,9506
3,2024-05-04 16:13:13.780000+00:00,1234,4,9506
4,2024-05-04 16:03:58.692000+00:00,1234,20,9506
10,2024-05-04 16:41:19.513000+00:00,1234,9,9506
11,2024-05-04 16:13:13.780000+00:00,1234,3,9506
14,2024-05-04 16:41:19.513000+00:00,1234,17,9506
16,2024-05-04 15:20:02.064000+00:00,1234,2,9506
18,2024-05-04 16:04:07.449000+00:00,1234,19,9506
20,2024-05-04 16:41:19.513000+00:00,1234,18,9506
22,2024-05-04 16:41:19.513000+00:00,1234,8,9506
23,2024-05-04 16:41:19.513000+00:00,1234,13,9506
24,2024-05-04 16:41:19.513000+00:00,1234,11,9506
27,2024-05-04 16:03:53.790000+00:00,1234,7,9506
31,2024-05-04 16:41:19.513000+00:00,1234,15,9506
44,2024-05-04 16:41:19.513000+00:00,1234,16,9506
55,2024-05-04 16:03:52.616000+00:00,1234,5,9506
63,2024-05-04 16:41:19.513000+00:00,1234,12,9506
77,2024-05-04 16:41:19.513000+00:00,1234,14,9506
81,2024-05-04 15:20:02.064000+00:00,1234,6,9506
1,2024-05-05 20:45:50.508000+00:00,1234,2,9507
2,2024-05-05 20:47:00.356000+00:00,1234,20,9507
3,2024-05-05 21:35:12.616000+00:00,1234,15,9507
4,2024-05-05 20:45:36.296000+00:00,1234,1,9507
10,2024-05-05 21:16:30.361000+00:00,1234,12,9507
11,2024-05-05 21:07:48.989000+00:00,1234,5,9507
14,2024-05-05 21:20:17.205000+00:00,1234,9,9507
16,2024-05-05 20:45:53.281000+00:00,1234,3,9507
18,2024-05-05 21:35:12.616000+00:00,1234,17,9507
20,2024-05-05 21:28:18.023000+00:00,1234,18,9507
22,2024-05-05 21:08:36.567000+00:00,1234,7,9507
23,2024-05-05 21:28:18.023000+00:00,1234,19,9507
24,2024-05-05 21:35:12.616000+00:00,1234,14,9507
27,2024-05-05 21:16:30.361000+00:00,1234,11,9507
31,2024-05-05 21:20:17.205000+00:00,1234,10,9507
44,2024-05-05 21:07:49.248000+00:00,1234,6,9507
55,2024-05-05 21:07:09.549000+00:00,1234,4,9507
63,2024-05-05 21:08:37.604000+00:00,1234,8,9507
77,2024-05-05 21:35:12.616000+00:00,1234,16,9507
81,2024-05-05 21:35:12.616000+00:00,1234,13,9507
1,2024-05-19 13:40:21.392000+00:00,1235,1,9515
2,2024-05-19 14:28:09.407000+00:00,1235,17,9515
3,2024-05-19 14:27:54.216000+00:00,1235,13,9515
4,2024-05-19 13:40:27.015000+00:00,1235,2,9515
10,2024-05-19 14:26:54.404000+00:00,1235,16,9515
11,2024-05-19 14:00:15.275000+00:00,1235,8,9515
14,2024-05-19 14:25:23.722000+00:00,1235,19,9515
16,2024-05-19 13:40:30.923000+00:00,1235,3,9515
18,2024-05-19 14:11:12.637000+00:00,1235,9,9515
20,2024-05-19 14:27:54.735000+00:00,1235,12,9515
22,2024-05-19 14:11:12.637000+00:00,1235,10,9515
23,2024-05-19 13:15:20.724000+00:00,1235,20,9515
24,2024-05-19 14:25:29.850000+00:00,1235,15,9515
27,2024-05-19 14:05:50.692000+00:00,1235,11,9515
31,2024-05-19 14:24:37.968000+00:00,1235,14,9515
44,2024-05-19 14:14:26.135000+00:00,1235,6,9515
55,2024-05-19 13:43:24.860000+00:00,1235,5,9515
63,2024-05-19 14:14:26.135000+00:00,1235,7,9515
77,2024-05-19 14:28:09.407000+00:00,1235,18,9515
81,2024-05-19 13:40:32.472000+00:00,1235,4,9515
1,2024-05-26 13:44:18.547000+00:00,1236,6,9523
2,2024-05-26 15:15:32.102000+00:00,1236,15,9523
3,2024-05-26 14:49:23.965000+00:00,1236,12,9523
4,2024-05-26 13:44:18.547000+00:00,1236,4,9523
10,2024-05-26 13:44:18.547000+00:00,1236,10,9523
11,2024-05-26 15:28:18.840000+00:00,1236,18,9523
14,2024-05-26 14:49:17.940000+00:00,1236,11,9523
16,2024-05-26 12:08:08.494000+00:00,1236,1,9523
18,2024-05-26 14:59:17.262000+00:00,1236,14,9523
20,2024-05-26 13:04:09.244000+00:00,1236,20,9523
22,2024-05-26 13:44:18.547000+00:00,1236,8,9523
23,2024-05-26 13:44:18.547000+00:00,1236,9,9523
24,2024-05-26 15:15:32.102000+00:00,1236,16,9523
27,2024-05-26 15:28:18.840000+00:00,1236,19,9523
31,2024-05-26 13:45:17.606000+00:00,1236,17,9523
44,2024-05-26 13:44:18.547000+00:00,1236,7,9523
55,2024-05-26 13:44:14.776000+00:00,1236,3,9523
63,2024-05-26 13:44:18.547000+00:00,1236,5,9523
77,2024-05-26 14:52:48.785000+00:00,1236,13,9523
81,2024-05-26 12:08:08.494000+00:00,1236,2,9523
1,2024-06-09 19:15:58.994000+00:00,1237,1,9531
2,2024-06-09 18:12:33.994000+00:00,1237,20,9531
3,2024-06-09 19:45:24.728000+00:00,1237,8,9531
4,2024-06-09 19:20:33.246000+00:00,1237,2,9531
10,2024-06-09 19:47:30.896000+00:00,1237,9,9531
11,2024-06-09 19:25:29.847000+00:00,1237,18,9531
14,2024-06-09 19:11:43.406000+00:00,1237,6,9531
16,2024-06-09 18:48:00.003000+00:00,1237,19,9531
18,2024-06-09 19:22:10.255000+00:00,1237,7,9531
20,2024-06-09 19:43:52.041000+00:00,1237,12,9531
22,2024-06-09 19:43:45.587000+00:00,1237,14,9531
23,2024-06-09 19:26:15.647000+00:00,1237,17,9531
24,2024-06-09 19:27:31.603000+00:00,1237,15,9531
27,2024-06-09 19:43:43.265000+00:00,1237,11,9531
31,2024-06-09 19:47:30.896000+00:00,1237,10,9531
44,2024-06-09 19:46:25.681000+00:00,1237,4,9531
55,2024-06-09 19:27:31.603000+00:00,1237,16,9531
63,2024-06-09 19:46:25.681000+00:00,1237,3,9531
77,2024-06-09 19:43:52.041000+00:00,1237,13,9531
81,2024-06-09 19:43:55.306000+00:00,1237,5,9531
1,2024-06-23 14:06:49.564000+00:00,1238,1,9539
2,2024-06-23 14:18:02.215000+00:00,1238,20,9539
3,2024-06-23 14:24:29.310000+00:00,1238,15,9539
4,2024-06-23 14:06:49.564000+00:00,1238,2,9539
10,2024-06-23 14:31:23.966000+00:00,1238,9,9539
11,2024-06-23 14:31:23.966000+00:00,1238,8,9539
14,2024-06-23 14:14:35.636000+00:00,1238,12,9539
16,2024-06-23 14:16:23.058000+00:00,1238,5,9539
18,2024-06-23 14:02:44.177000+00:00,1238,14,9539
20,2024-06-23 14:20:27.942000+00:00,1238,17,9539
22,2024-06-23 14:22:23.597000+00:00,1238,19,9539
23,2024-06-23 14:22:23.597000+00:00,1238,18,9539
24,2024-06-23 14:14:35.636000+00:00,1238,13,9539
27,2024-06-23 14:05:03.114000+00:00,1238,11,9539
31,2024-06-23 14:11:39.480000+00:00,1238,10,9539
44,2024-06-23 14:12:23.277000+00:00,1238,3,9539
55,2024-06-23 14:16:23.058000+00:00,1238,6,9539
63,2024-06-23 14:12:23.277000+00:00,1238,4,9539
77,2024-06-23 14:24:29.310000+00:00,1238,16,9539
81,2024-06-23 14:09:52.761000+00:00,1238,7,9539
1,2024-06-29 10:11:24.030000+00:00,1239,1,9549
2,2024-06-29 10:23:16.658000+00:00,1239,17,9549
3,2024-06-29 10:30:16.574000+00:00,1239,15,9549
4,2024-06-29 10:11:28.330000+00:00,1239,3,9549
10,2024-06-29 10:06:35.134000+00:00,1239,12,9549
11,2024-06-29 10:06:52.718000+00:00,1239,8,9549
14,2024-06-29 10:30:16.574000+00:00,1239,16,9549
16,2024-06-29 10:06:52.718000+00:00,1239,7,9549
18,2024-06-29 10:08:01.025000+00:00,1239,10,9549
20,2024-06-29 10:06:39.617000+00:00,1239,9,9549
22,2024-06-29 10:06:59.906000+00:00,1239,13,9549
23,2024-06-29 10:29:15.944000+00:00,1239,18,9549
24,2024-06-29 10:18:24.438000+00:00,1239,20,9549
27,2024-06-29 10:30:16.305000+00:00,1239,14,9549
31,2024-06-29 10:08:01.025000+00:00,1239,11,9549
44,2024-06-29 09:17:44.192000+00:00,1239,6,9549
55,2024-06-29 10:14:47.688000+00:00,1239,5,9549
63,2024-06-29 10:14:47.688000+00:00,1239,4,9549
77,2024-06-29 10:29:15.944000+00:00,1239,19,9549
81,2024-06-29 10:11:28.330000+00:00,1239,2,9549
1,2024-06-30 14:19:25.162000+00:00,1239,5,9550
2,2024-06-30 14:21:36.059000+00:00,1239,19,9550
3,2024-06-30 14:19:56.451000+00:00,1239,9,9550
4,2024-06-30 14:21:36.059000+00:00,1239,20,9550
10,2024-06-30 14:19:57.256000+00:00,1239,10,9550
11,2024-06-30 14:27:40.473000+00:00,1239,7,9550
14,2024-06-30 14:25:52.043000+00:00,1239,18,9550
16,2024-06-30 14:26:37.920000+00:00,1239,11,9550
18,2024-06-30 14:20:11.999000+00:00,1239,13,9550
20,2024-06-30 14:19:54.725000+00:00,1239,8,9550
22,2024-06-30 14:28:02.959000+00:00,1239,14,9550
23,2024-06-30 14:28:02.959000+00:00,1239,15,9550
24,2024-06-30 14:25:52.043000+00:00,1239,17,9550
27,2024-06-30 14:27:40.473000+00:00,1239,6,9550
31,2024-06-30 14:26:37.920000+00:00,1239,12,9550
44,2024-06-30 14:19:25.162000+00:00,1239,4,9550
55,2024-06-30 14:19:46.040000+00:00,1239,3,9550
63,2024-06-30 14:18:47.052000+00:00,1239,1,9550
77,2024-06-30 14:20:24.454000+00:00,1239,16,9550
81,2024-06-30 14:19:46.040000+00:00,1239,2,9550
1,2024-07-07 15:19:28.852000+00:00,1240,2,9558
2,2024-07-07 15:14:40.746000+00:00,1240,11,9558
3,2024-07-07 15:03:56.291000+00:00,1240,13,9558
4,2024-07-07 15:19:28.852000+00:00,1240,3,9558
10,2024-07-07 14:03:32.612000+00:00,1240,20,9558
11,2024-07-07 15:22:29.285000+00:00,1240,17,9558
14,2024-07-07 14:56:43.890000+00:00,1240,8,9558
16,2024-07-07 15:24:33.149000+00:00,1240,14,9558
18,2024-07-07 14:56:35.390000+00:00,1240,7,9558
20,2024-07-07 15:14:40.746000+00:00,1240,12,9558
22,2024-07-07 15:16:02.782000+00:00,1240,10,9558
23,2024-07-07 15:16:02.782000+00:00,1240,9,9558
24,2024-07-07 14:59:17.237000+00:00,1240,18,9558
27,2024-07-07 14:56:32.077000+00:00,1240,6,9558
31,2024-07-07 15:22:29.285000+00:00,1240,16,9558
44,2024-07-07 15:06:20.850000+00:00,1240,1,9558
55,2024-07-07 15:06:34.965000+00:00,1240,5,9558
63,2024-07-07 14:59:17.237000+00:00,1240,19,9558
77,2024-07-07 15:24:33.149000+00:00,1240,15,9558
81,2024-07-07 15:06:34.965000+00:00,1240,4,9558
1,2024-07-21 14:30:28.935000+00:00,1241,5,9566
2,2024-07-21 14:37:53.814000+00:00,1241,17,9566
3,2024-07-21 14:20:27.516000+00:00,1241,12,9566
4,2024-07-21 14:36:58.842000+00:00,1241,2,9566
10,2024-07-21 13:50:57.215000+00:00,1241,20,9566
11,2024-07-21 14:18:18.465000+00:00,1241,7,9566
14,2024-07-21 14:34:09.169000+00:00,1241,11,9566
16,2024-07-21 14:30:28.935000+00:00,1241,4,9566
18,2024-07-21 14:34:09.169000+00:00,1241,10,9566
20,2024-07-21 14:07:48.050000+00:00,1241,15,9566
22,2024-07-21 14:07:22.036000+00:00,1241,9,9566
23,2024-07-21 14:09:07.996000+00:00,1241,14,9566
24,2024-07-21 14:40:51.531000+00:00,1241,19,9566
27,2024-07-21 14:10:43.307000+00:00,1241,13,9566
31,2024-07-21 14:40:51.531000+00:00,1241,18,9566
44,2024-07-21 14:12:18.805000+00:00,1241,3,9566
55,2024-07-21 14:09:34.473000+00:00,1241,6,9566
63,2024-07-21 14:18:18.465000+00:00,1241,8,9566
77,2024-07-21 14:33:23.771000+00:00,1241,16,9566
81,2024-07-21 14:36:58.842000+00:00,1241,1,9566
1,2024-07-28 13:58:12.697000+00:00,1242,5,9574
2,2024-07-28 14:22:14.024000+00:00,1242,18,9574
3,2024-07-28 14:18:07.159000+00:00,1242,11,9574
4,2024-07-28 13:59:29.714000+00:00,1242,6,9574
10,2024-07-28 14:18:08.796000+00:00,1242,14,9574
11,2024-07-28 14:14:01.694000+00:00,1242,8,9574
14,2024-07-28 13:59:25.247000+00:00,1242,9,9574
16,2024-07-28 14:08:25.206000+00:00,1242,4,9574
18,2024-07-28 14:12:42.126000+00:00,1242,12,9574
20,2024-07-28 14:18:08.796000+00:00,1242,15,9574
22,2024-07-28 14:11:11.155000+00:00,1242,17,9574
23,2024-07-28 14:08:34.879000+00:00,1242,13,9574
24,2024-07-28 13:35:37.104000+00:00,1242,20,9574
27,2024-07-28 14:22:14.024000+00:00,1242,19,9574
31,2024-07-28 14:18:07.159000+00:00,1242,10,9574
44,2024-07-28 13:58:56.146000+00:00,1242,2,9574
55,2024-07-28 14:14:01.694000+00:00,1242,7,9574
63,2024-07-28 13:58:48.733000+00:00,1242,1,9574
77,2024-07-28 14:11:11.155000+00:00,1242,16,9574
81,2024-07-28 14:08:25.206000+00:00,1242,3,9574
1,2024-08-25 14:34:21.009000+00:00,1243,2,9582
2,2024-08-25 14:35:03.067000+00:00,1243,16,9582
3,2024-08-25 14:34:47.822000+00:00,1243,12,9582
4,2024-08-25 13:45:23.831000+00:00,1243,1,9582
10,2024-08-25 14:34:47.822000+00:00,1243,9,9582
11,2024-08-25 14:34:38.394000+00:00,1243,6,9582
14,2024-08-25 14:34:47.822000+00:00,1243,10,9582
16,2024-08-25 14:34:23.564000+00:00,1243,3,9582
18,2024-08-25 14:34:47.822000+00:00,1243,13,9582
20,2024-08-25 14:35:39.984000+00:00,1243,18,9582
22,2024-08-25 14:35:03.577000+00:00,1243,17,9582
23,2024-08-25 14:34:47.822000+00:00,1243,14,9582
24,2024-08-25 14:35:39.984000+00:00,1243,20,9582
27,2024-08-25 14:34:47.822000+00:00,1243,11,9582
31,2024-08-25 14:34:47.822000+00:00,1243,15,9582
44,2024-08-25 14:34:47.822000+00:00,1243,8,9582
55,2024-08-25 14:34:30.277000+00:00,1243,5,9582
63,2024-08-25 14:34:42.760000+00:00,1243,7,9582
77,2024-08-25 14:35:39.984000+00:00,1243,19,9582
81,2024-08-25 14:34:25.876000+00:00,1243,4,9582
1,2024-09-01 14:02:10.566000+00:00,1244,6,9590
3,2024-09-01 14:19:36.692000+00:00,1244,13,9590
4,2024-09-01 14:10:15.446000+00:00,1244,3,9590
10,2024-09-01 14:15:49.790000+00:00,1244,15,9590
11,2024-09-01 14:05:25.508000+00:00,1244,8,9590
14,2024-09-01 14:08:24.039000+00:00,1244,11,9590
16,2024-09-01 13:57:25.176000+00:00,1244,1,9590
18,2024-09-01 14:16:06.021000+00:00,1244,19,9590
20,2024-09-01 14:19:22.863000+00:00,1244,10,9590
22,2024-09-01 13:14:32.286000+00:00,1244,20,9590
23,2024-09-01 14:19:22.863000+00:00,1244,9,9590
24,2024-09-01 14:16:06.021000+00:00,1244,18,9590
27,2024-09-01 14:16:01.867000+00:00,1244,17,9590
31,2024-09-01 13:55:52.593000+00:00,1244,14,9590
43,2024-09-01 14:19:36.692000+00:00,1244,12,9590
44,2024-09-01 14:02:10.566000+00:00,1244,5,9590
55,2024-09-01 14:10:15.446000+00:00,1244,4,9590
63,2024-09-01 14:02:32.597000+00:00,1244,7,9590
77,2024-09-01 14:15:58.819000+00:00,1244,16,9590
81,2024-09-01 14:06:53.722000+00:00,1244,2,9590
1,2024-09-15 12:33:58.306000+00:00,1245,5,9598
3,2024-09-15 12:35:06.644000+00:00,1245,13,9598
4,2024-09-15 12:33:31.674000+00:00,1245,4,9598
10,2024-09-15 12:34:19.526000+00:00,1245,12,9598
11,2024-09-15 12:39:53.194000+00:00,1245,17,9598
14,2024-09-15 12:34:04.544000+00:00,1245,6,9598
16,2024-09-15 12:33:02.881000+00:00,1245,2,9598
18,2024-09-15 12:27:17.213000+00:00,1245,19,9598
22,2024-09-15 11:27:14.579000+00:00,1245,20,9598
23,2024-09-15 12:34:06.125000+00:00,1245,7,9598
24,2024-09-15 12:35:11.362000+00:00,1245,14,9598
27,2024-09-15 12:34:21.677000+00:00,1245,11,9598
31,2024-09-15 12:35:32.350000+00:00,1245,15,9598
43,2024-09-15 12:34:07.952000+00:00,1245,8,9598
44,2024-09-15 12:34:21.571000+00:00,1245,9,9598
50,2024-09-15 12:34:21.677000+00:00,1245,10,9598
55,2024-09-15 12:39:53.194000+00:00,1245,18,9598
63,2024-09-15 12:33:26.745000+00:00,1245,3,9598
77,2024-09-15 12:35:38.963000+00:00,1245,16,9598
81,2024-09-15 11:39:01.619000+00:00,1245,1,9598
1,2024-09-22 13:06:39.604000+00:00,1246,2,9606
3,2024-09-22 13:25:53.399000+00:00,1246,18,9606
4,2024-09-22 11:07:06.588000+00:00,1246,1,9606
10,2024-09-22 13:25:19.406000+00:00,1246,17,9606
11,2024-09-22 12:59:13.856000+00:00,1246,10,9606
14,2024-09-22 13:09:57.974000+00:00,1246,8,9606
16,2024-09-22 13:25:17.176000+00:00,1246,5,9606
18,2024-09-22 13:24:41.561000+00:00,1246,14,9606
20,2024-09-22 13:25:53.399000+00:00,1246,19,9606
22,2024-09-22 13:11:22.269000+00:00,1246,12,9606
23,2024-09-22 12:28:19.693000+00:00,1246,20,9606
24,2024-09-22 13:25:17.292000+00:00,1246,15,9606
27,2024-09-22 12:59:13.300000+00:00,1246,9,9606
31,2024-09-22 13:18:29.332000+00:00,1246,13,9606
43,2024-09-22 12:59:16.720000+00:00,1246,11,9606
44,2024-09-22 13:25:17.176000+00:00,1246,6,9606
55,2024-09-22 13:13:25.700000+00:00,1246,7,9606
63,2024-09-22 13:17:05.122000+00:00,1246,4,9606
77,2024-09-22 13:25:18.210000+00:00,1246,16,9606
81,2024-09-22 13:17:05.122000+00:00,1246,3,9606
1,2024-10-19 17:17:54.722000+00:00,1247,1,9616
4,2024-10-19 18:33:38.081000+00:00,1247,3,9616
10,2024-10-19 18:10:06.046000+00:00,1247,14,9616
11,2024-10-19 18:23:39.330000+00:00,1247,9,9616
14,2024-10-19 18:24:19.477000+00:00,1247,18,9616
16,2024-10-19 18:19:59.630000+00:00,1247,4,9616
18,2024-10-19 18:15:03.949000+00:00,1247,13,9616
20,2024-10-19 18:12:28.553000+00:00,1247,7,9616
22,2024-10-19 18:29:11.720000+00:00,1247,11,9616
23,2024-10-19 18:24:19.477000+00:00,1247,17,9616
24,2024-10-19 18:35:05.386000+00:00,1247,19,9616
27,2024-10-19 18:14:53.191000+00:00,1247,8,9616
30,2024-10-19 18:13:41.782000+00:00,1247,16,9616
31,2024-10-19 18:13:41.782000+00:00,1247,15,9616
43,2024-10-19 18:23:22.277000+00:00,1247,12,9616
44,2024-10-19 18:03:59.678000+00:00,1247,6,9616
55,2024-10-19 18:33:38.081000+00:00,1247,2,9616
63,2024-10-19 18:19:59.630000+00:00,1247,5,9616
77,2024-10-19 18:35:05.386000+00:00,1247,20,9616
81,2024-10-19 18:29:11.720000+00:00,1247,10,9616
1,2024-10-20 20:39:18.212000+00:00,1247,3,9617
4,2024-10-20 20:39:18.212000+00:00,1247,4,9617
10,2024-10-20 20:24:06.399000+00:00,1247,12,9617
11,2024-10-20 20:37:36.227000+00:00,1247,7,9617
14,2024-10-20 20:14:17.676000+00:00,1247,13,9617
16,2024-10-20 19:58:02.575000+00:00,1247,1,9617
18,2024-10-20 20:32:41.145000+00:00,1247,15,9617
20,2024-10-20 20:24:06.399000+00:00,1247,11,9617
22,2024-10-20 20:14:17.676000+00:00,1247,14,9617
23,2024-10-20 20:32:42.819000+00:00,1247,16,9617
24,2024-10-20 20:06:00.793000+00:00,1247,19,9617
27,2024-10-20 20:20:29.929000+00:00,1247,8,9617
30,2024-10-20 20:12:17.020000+00:00,1247,9,9617
31,2024-10-20 20:32:55.409000+00:00,1247,18,9617
43,2024-10-20 20:21:37.941000+00:00,1247,10,9617
44,2024-10-20 19:07:21.279000+00:00,1247,20,9617
55,2024-10-20 19:59:48.729000+00:00,1247,2,9617
63,2024-10-20 20:37:36.227000+00:00,1247,6,9617
77,2024-10-20 20:32:55.409000+00:00,1247,17,9617
81,2024-10-20 19:59:59.263000+00:00,1247,5,9617
1,2024-10-27 21:02:11.398000+00:00,1248,6,9625
4,2024-10-27 21:32:39.020000+00:00,1248,2,9625
10,2024-10-27 21:13:30.316000+00:00,1248,10,9625
11,2024-10-27 21:42:52.458000+00:00,1248,17,9625
14,2024-10-27 20:29:07.025000+00:00,1248,18,9625
16,2024-10-27 21:32:39.020000+00:00,1248,3,9625
18,2024-10-27 21:16:17.780000+00:00,1248,11,9625
20,2024-10-27 21:02:28.596000+00:00,1248,7,9625
22,2024-10-27 20:04:05.826000+00:00,1248,20,9625
23,2024-10-27 20:04:10.718000+00:00,1248,19,9625
24,2024-10-27 21:42:50.323000+00:00,1248,15,9625
27,2024-10-27 21:24:26.859000+00:00,1248,9,9625
30,2024-10-27 21:42:52.458000+00:00,1248,16,9625
31,2024-10-27 21:44:00.358000+00:00,1248,13,9625
43,2024-10-27 21:37:00.333000+00:00,1248,12,9625
44,2024-10-27 21:37:23.908000+00:00,1248,4,9625
55,2024-10-27 20:19:20.453000+00:00,1248,1,9625
63,2024-10-27 21:37:23.908000+00:00,1248,5,9625
77,2024-10-27 21:44:00.358000+00:00,1248,14,9625
81,2024-10-27 21:24:26.859000+00:00,1248,8,9625
1,2024-11-02 14:24:04.041000+00:00,1249,3,9635
4,2024-11-02 14:28:52.327000+00:00,1249,1,9635
10,2024-11-02 13:18:47.826000+00:00,1249,7,9635
11,2024-11-02 14:26:31.166000+00:00,1249,8,9635
14,2024-11-02 14:27:50.961000+00:00,1249,18,9635
16,2024-11-02 14:24:04.041000+00:00,1249,4,9635
18,2024-11-02 14:27:51.465000+00:00,1249,19,9635
22,2024-11-02 14:27:36.308000+00:00,1249,15,9635
23,2024-11-02 14:25:52.071000+00:00,1249,10,9635
24,2024-11-02 14:27:49.801000+00:00,1249,17,9635
27,2024-11-02 14:27:51.465000+00:00,1249,20,9635
30,2024-11-02 14:26:31.166000+00:00,1249,9,9635
31,2024-11-02 14:32:41.173000+00:00,1249,13,9635
43,2024-11-02 14:32:15.205000+00:00,1249,12,9635
44,2024-11-02 14:27:53.856000+00:00,1249,11,9635
50,2024-11-02 14:32:41.173000+00:00,1249,14,9635
55,2024-11-02 13:18:47.826000+00:00,1249,5,9635
63,2024-11-02 13:18:47.826000+00:00,1249,6,9635
77,2024-11-02 14:27:40.011000+00:00,1249,16,9635
81,2024-11-02 14:28:52.327000+00:00,1249,2,9635
1,2024-11-03 17:20:17.210000+00:00,1249,1,9636
4,2024-11-03 17:24:40.642000+00:00,1249,6,9636
10,2024-11-03 16:30:43.717000+00:00,1249,3,9636
11,2024-11-03 17:37:30.198000+00:00,1249,11,9636
14,2024-11-03 17:41:32.216000+00:00,1249,14,9636
16,2024-11-03 17:24:50.224000+00:00,1249,5,9636
18,2024-11-03 15:50:30.130000+00:00,1249,20,9636
22,2024-11-03 17:57:34.974000+00:00,1249,7,9636
23,2024-11-03 15:50:30.130000+00:00,1249,19,9636
24,2024-11-03 17:41:32.216000+00:00,1249,15,9636
27,2024-11-03 16:30:15.803000+00:00,1249,18,9636
30,2024-11-03 17:20:52.021000+00:00,1249,9,9636
31,2024-11-03 17:20:17.210000+00:00,1249,2,9636
43,2024-11-03 16:38:19.335000+00:00,1249,17,9636
44,2024-11-03 17:37:30.198000+00:00,1249,10,9636
50,2024-11-03 17:21:23.108000+00:00,1249,12,9636
55,2024-11-03 17:13:40.952000+00:00,1249,16,9636
63,2024-11-03 17:24:50.224000+00:00,1249,4,9636
77,2024-11-03 17:21:23.728000+00:00,1249,13,9636
81,2024-11-03 17:57:34.974000+00:00,1249,8,9636
1,2024-11-24 07:19:24.083000+00:00,1250,5,9644
4,2024-11-24 06:58:52.952000+00:00,1250,6,9644
10,2024-11-24 06:29:30.645000+00:00,1250,20,9644
11,2024-11-24 07:18:33.604000+00:00,1250,10,9644
14,2024-11-24 07:18:33.604000+00:00,1250,11,9644
16,2024-11-24 07:19:24.083000+00:00,1250,4,9644
18,2024-11-24 07:19:03.768000+00:00,1250,15,9644
20,2024-11-24 07:10:32.087000+00:00,1250,12,9644
22,2024-11-24 07:16:46.356000+00:00,1250,9,9644
23,2024-11-24 06:46:12.478000+00:00,1250,19,9644
24,2024-11-24 07:25:46.179000+00:00,1250,13,9644
27,2024-11-24 07:16:46.356000+00:00,1250,8,9644
30,2024-11-24 07:19:14.972000+00:00,1250,16,9644
31,2024-11-24 07:19:14.972000+00:00,1250,17,9644
43,2024-11-24 07:25:46.179000+00:00,1250,14,9644
44,2024-11-24 07:22:08.598000+00:00,1250,2,9644
55,2024-11-24 07:22:08.598000+00:00,1250,3,9644
63,2024-11-24 07:20:23.815000+00:00,1250,1,9644
77,2024-11-24 07:01:33.714000+00:00,1250,18,9644
81,2024-11-24 06:59:06.680000+00:00,1250,7,9644
1,2024-11-30 14:13:52.667000+00:00,1251,8,9654
4,2024-11-30 14:30:30.811000+00:00,1251,2,9654
10,2024-11-30 14:13:52.667000+00:00,1251,9,9654
11,2024-11-30 14:24:47.166000+00:00,1251,20,9654
14,2024-11-30 14:09:37.682000+00:00,1251,11,9654
16,2024-11-30 14:20:54.533000+00:00,1251,5,9654
18,2024-11-30 14:04:05.816000+00:00,1251,13,9654
20,2024-11-30 14:09:37.682000+00:00,1251,10,9654
22,2024-11-30 14:13:03.884000+00:00,1251,17,9654
23,2024-11-30 14:04:06.359000+00:00,1251,15,9654
24,2024-11-30 14:24:47.166000+00:00,1251,19,9654
27,2024-11-30 14:03:49.314000+00:00,1251,7,9654
30,2024-11-30 14:12:29.638000+00:00,1251,16,9654
31,2024-11-30 14:04:06.324000+00:00,1251,14,9654
43,2024-11-30 14:13:59.727000+00:00,1251,18,9654
44,2024-11-30 14:20:54.533000+00:00,1251,6,9654
55,2024-11-30 14:03:36.975000+00:00,1251,4,9654
63,2024-11-30 14:03:42.268000+00:00,1251,3,9654
77,2024-11-30 14:04:12.689000+00:00,1251,12,9654
81,2024-11-30 14:30:30.811000+00:00,1251,1,9654
1,2024-12-01 17:07:36.903000+00:00,1251,1,9655
4,2024-12-01 17:29:48.892000+00:00,1251,10,9655
10,2024-12-01 17:18:13.175000+00:00,1251,5,9655
11,2024-12-01 17:07:13.269000+00:00,1251,17,9655
14,2024-12-01 17:18:14.690000+00:00,1251,7,9655
16,2024-12-01 17:18:02.596000+00:00,1251,2,9655
18,2024-12-01 16:15:55.406000+00:00,1251,18,9655
20,2024-12-01 17:22:42.244000+00:00,1251,9,9655
22,2024-12-01 17:32:57.967000+00:00,1251,13,9655
23,2024-12-01 17:32:54.406000+00:00,1251,15,9655
24,2024-12-01 17:18:16.732000+00:00,1251,8,9655
27,2024-12-01 17:08:24.433000+00:00,1251,16,9655
30,2024-12-01 17:32:54.406000+00:00,1251,14,9655
31,2024-12-01 17:39:51.027000+00:00,1251,20,9655
43,2024-12-01 17:39:51.027000+00:00,1251,19,9655
44,2024-12-01 17:32:57.967000+00:00,1251,12,9655
55,2024-12-01 17:18:13.568000+00:00,1251,6,9655
63,2024-12-01 17:18:10.642000+00:00,1251,4,9655
77,2024-12-01 17:29:48.892000+00:00,1251,11,9655
81,2024-12-01 17:18:03.753000+00:00,1251,3,9655
1,2024-12-08 14:11:20.368000+00:00,1252,6,9662
4,2024-12-08 12:06:56.922000+00:00,1252,1,9662
10,2024-12-08 14:11:20.368000+00:00,1252,7,9662
11,2024-12-08 13:04:42.276000+00:00,1252,20,9662
14,2024-12-08 14:20:39.337000+00:00,1252,9,9662
16,2024-12-08 13:55:18.869000+00:00,1252,3,9662
18,2024-12-08 14:31:47.309000+00:00,1252,14,9662
20,2024-12-08 14:28:58.820000+00:00,1252,16,9662
22,2024-12-08 14:31:47.309000+00:00,1252,12,9662
23,2024-12-08 14:23:18.083000+00:00,1252,11,9662
24,2024-12-08 14:31:47.309000+00:00,1252,13,9662
27,2024-12-08 14:08:13.645000+00:00,1252,8,9662
30,2024-12-08 14:28:58.820000+00:00,1252,17,9662
43,2024-12-08 13:08:18.528000+00:00,1252,19,9662
44,2024-12-08 14:30:18.932000+00:00,1252,4,9662
55,2024-12-08 13:43:12.082000+00:00,1252,2,9662
61,2024-12-08 14:21:03.888000+00:00,1252,15,9662
63,2024-12-08 14:30:18.932000+00:00,1252,5,9662
77,2024-12-08 13:50:53.606000+00:00,1252,18,9662
81,2024-12-08 14:23:18.083000+00:00,1252,10,9662
1,2025-03-16 05:42:29.472000+00:00,1254,2,9693
4,2025-03-16 05:40:50.018000+00:00,1254,1,9693
5,2025-03-16 05:42:27.724000+00:00,1254,16,9693
6,2025-03-16 06:04:35.366000+00:00,1254,19,9693
7,2025-03-16 06:04:35.366000+00:00,1254,20,9693
10,2025-03-16 05:56:38.808000+00:00,1254,11,9693
12,2025-03-16 06:00:43.154000+00:00,1254,5,9693
14,2025-03-16 05:15:47.565000+00:00,1254,17,9693
16,2025-03-16 05:55:01.836000+00:00,1254,8,9693
18,2025-03-16 05:42:39.675000+00:00,1254,6,9693
22,2025-03-16 05:53:28.205000+00:00,1254,12,9693
23,2025-03-16 06:00:43.154000+00:00,1254,4,9693
27,2025-03-16 05:42:40.456000+00:00,1254,7,9693
30,2025-03-16 05:42:50.047000+00:00,1254,15,9693
31,2025-03-16 05:52:41.053000+00:00,1254,13,9693
44,2025-03-16 06:00:14.188000+00:00,1254,10,9693
55,2025-03-16 04:20:43.306000+00:00,1254,18,9693
63,2025-03-16 05:42:30.647000+00:00,1254,3,9693
81,2025-03-16 06:00:14.188000+00:00,1254,9,9693
87,2025-03-16 05:42:50.047000+00:00,1254,14,9693
1,2025-03-22 03:27:48.611000+00:00,1255,3,9993
4,2025-03-22 03:31:21.837000+00:00,1255,8,9993
5,2025-03-22 03:35:06.557000+00:00,1255,18,9993
6,2025-03-22 03:33:19.262000+00:00,1255,13,9993
7,2025-03-22 03:35:08.737000+00:00,1255,20,9993
10,2025-03-22 03:30:20.534000+00:00,1255,12,9993
12,2025-03-22 03:04:21.369000+00:00,1255,7,9993
14,2025-03-22 03:04:30.097000+00:00,1255,10,9993
16,2025-03-22 03:05:15.417000+00:00,1255,5,9993
18,2025-03-22 03:31:21.837000+00:00,1255,9,9993
22,2025-03-22 03:04:21.162000+00:00,1255,6,9993
23,2025-03-22 03:04:30.097000+00:00,1255,11,9993
27,2025-03-22 03:35:08.737000+00:00,1255,19,9993
30,2025-03-22 03:33:48.615000+00:00,1255,14,9993
31,2025-03-22 03:34:04.902000+00:00,1255,16,9993
44,2025-03-22 02:18:40.491000+00:00,1255,1,9993
55,2025-03-22 03:35:06.557000+00:00,1255,17,9993
63,2025-03-22 03:05:15.417000+00:00,1255,4,9993
81,2025-03-22 03:27:48.611000+00:00,1255,2,9993
87,2025-03-22 03:33:48.615000+00:00,1255,15,9993
1,2025-03-23 08:28:45.520000+00:00,1255,4,9998
4,2025-03-23 07:34:55.670000+00:00,1255,2,9998
5,2025-03-23 08:20:07.804000+00:00,1255,17,9998
6,2025-03-23 08:35:55.142000+00:00,1255,14,9998
7,2025-03-23 08:37:14.611000+00:00,1255,16,9998
10,2025-03-23 08:08:16.699000+00:00,1255,11,9998
12,2025-03-23 08:03:16.186000+00:00,1255,8,9998
14,2025-03-23 07:10:56.237000+00:00,1255,20,9998
16,2025-03-23 08:28:45.520000+00:00,1255,5,9998
18,2025-03-23 08:13:15.762000+00:00,1255,12,9998
22,2025-03-23 08:20:10.120000+00:00,1255,19,9998
23,2025-03-23 08:03:19.577000+00:00,1255,9,9998
27,2025-03-23 08:20:10.120000+00:00,1255,18,9998
30,2025-03-23 08:37:14.611000+00:00,1255,15,9998
31,2025-03-23 08:03:09.497000+00:00,1255,7,9998
44,2025-03-23 08:04:24.711000+00:00,1255,6,9998
55,2025-03-23 08:13:15.762000+00:00,1255,13,9998
63,2025-03-23 07:36:35.346000+00:00,1255,3,9998
81,2025-03-23 07:31:37.613000+00:00,1255,1,9998
87,2025-03-23 08:08:16.699000+00:00,1255,10,9998
1,2025-04-06 05:52:24.258000+00:00,1256,1,10006
4,2025-04-06 05:52:25.743000+00:00,1256,2,10006
5,2025-04-06 05:53:13.134000+00:00,1256,19,10006
6,2025-04-06 05:52:16.687000+00:00,1256,8,10006
7,2025-04-06 06:21:09.627000+00:00,1256,15,10006
10,2025-04-06 05:56:16.985000+00:00,1256,13,10006
12,2025-04-06 05:52:36.883000+00:00,1256,6,10006
14,2025-04-06 05:56:10.813000+00:00,1256,11,10006
16,2025-04-06 05:52:33.571000+00:00,1256,4,10006
18,2025-04-06 05:18:18.386000+00:00,1256,20,10006
22,2025-04-06 05:56:12.735000+00:00,1256,12,10006
23,2025-04-06 05:54:22.728000+00:00,1256,9,10006
27,2025-04-06 06:18:04.464000+00:00,1256,16,10006
30,2025-04-06 05:59:36.021000+00:00,1256,17,10006
31,2025-04-06 05:54:45.800000+00:00,1256,18,10006
44,2025-04-06 05:51:04.820000+00:00,1256,7,10006
55,2025-04-06 06:21:09.627000+00:00,1256,14,10006
63,2025-04-06 05:52:36.883000+00:00,1256,5,10006
81,2025-04-06 05:52:27.883000+00:00,1256,3,10006
87,2025-04-06 05:56:07.845000+00:00,1256,10,10006
1,2025-04-13 16:40:03.245000+00:00,1257,6,10014
4,2025-04-13 16:34:52.234000+00:00,1257,3,10014
5,2025-04-13 16:19:12.201000+00:00,1257,19,10014
6,2025-04-13 16:43:15.950000+00:00,1257,14,10014
7,2025-04-13 16:43:15.950000+00:00,1257,15,10014
10,2025-04-13 16:40:03.245000+00:00,1257,7,10014
12,2025-04-13 16:22:15.112000+00:00,1257,11,10014
14,2025-04-13 16:40:29.197000+00:00,1257,16,10014
16,2025-04-13 16:31:38.043000+00:00,1257,4,10014
18,2025-04-13 16:19:11.578000+00:00,1257,18,10014
22,2025-04-13 16:20:35.417000+00:00,1257,9,10014
23,2025-04-13 16:23:53.475000+00:00,1257,12,10014
27,2025-04-13 16:43:15.950000+00:00,1257,13,10014
30,2025-04-13 16:40:29.197000+00:00,1257,17,10014
31,2025-04-13 16:13:51.826000+00:00,1257,8,10014
44,2025-04-13 16:13:51.826000+00:00,1257,5,10014
55,2025-04-13 16:19:12.201000+00:00,1257,20,10014
63,2025-04-13 16:34:52.234000+00:00,1257,2,10014
81,2025-04-13 15:32:09.950000+00:00,1257,1,10014
87,2025-04-13 16:22:14.295000+00:00,1257,10,10014
1,2025-04-20 18:00:26.522000+00:00,1258,2,10022
4,2025-04-20 18:09:53.775000+00:00,1258,4,10022
5,2025-04-20 18:25:20.972000+00:00,1258,18,10022
6,2025-04-20 18:01:10.993000+00:00,1258,10,10022
7,2025-04-20 18:25:20.972000+00:00,1258,17,10022
10,2025-04-20 17:05:13.927000+00:00,1258,20,10022
12,2025-04-20 17:53:05.348000+00:00,1258,6,10022
14,2025-04-20 18:26:18.942000+00:00,1258,11,10022
16,2025-04-20 18:05:17.058000+00:00,1258,3,10022
18,2025-04-20 18:19:01.135000+00:00,1258,16,10022
22,2025-04-20 17:05:13.927000+00:00,1258,19,10022
23,2025-04-20 18:01:10.993000+00:00,1258,9,10022
27,2025-04-20 18:13:36.853000+00:00,1258,15,10022
30,2025-04-20 18:26:18.942000+00:00,1258,12,10022
31,2025-04-20 18:09:15.796000+00:00,1258,14,10022
44,2025-04-20 18:00:52.434000+00:00,1258,7,10022
55,2025-04-20 18:01:09.130000+00:00,1258,8,10022
63,2025-04-20 18:09:53.775000+00:00,1258,5,10022
81,2025-04-20 18:00:18.019000+00:00,1258,1,10022
87,2025-04-20 18:09:15.796000+00:00,1258,13,10022
1,2025-05-03 17:05:03.301000+00:00,1259,17,10028
4,2025-05-03 16:52:55.785000+00:00,1259,1,10028
5,2025-05-03 17:04:48.051000+00:00,1259,15,10028
6,2025-05-03 17:04:47.066000+00:00,1259,13,10028
7,2025-05-03 17:05:03.301000+00:00,1259,16,10028
10,2025-05-03 17:04:44.306000+00:00,1259,11,10028
12,2025-05-03 17:04:43.830000+00:00,1259,10,10028
14,2025-05-03 16:54:56.779000+00:00,1259,18,10028
16,2025-05-03 16:29:24.189000+00:00,1259,20,10028
18,2025-05-03 17:04:41.604000+00:00,1259,6,10028
22,2025-05-03 17:04:43.571000+00:00,1259,9,10028
23,2025-05-03 17:04:41.604000+00:00,1259,4,10028
27,2025-05-03 17:04:45.577000+00:00,1259,12,10028
30,2025-05-03 17:04:42.339000+00:00,1259,7,10028
31,2025-05-03 17:04:47.765000+00:00,1259,14,10028
44,2025-05-03 16:54:13.758000+00:00,1259,3,10028
55,2025-05-03 16:51:30.094000+00:00,1259,19,10028
63,2025-05-03 17:04:41.604000+00:00,1259,5,10028
81,2025-05-03 16:52:55.785000+00:00,1259,2,10028
87,2025-05-03 17:04:42.830000+00:00,1259,8,10028
1,2025-05-04 20:50:24.829000+00:00,1259,4,10033
4,2025-05-04 20:31:42.639000+00:00,1259,2,10033
5,2025-05-04 20:53:03.376000+00:00,1259,18,10033
6,2025-05-04 21:01:50.073000+00:00,1259,11,10033
7,2025-05-04 20:04:31.438000+00:00,1259,20,10033
10,2025-05-04 21:02:01.555000+00:00,1259,13,10033
12,2025-05-04 20:52:06.464000+00:00,1259,6,10033
14,2025-05-04 21:02:54.920000+00:00,1259,15,10033
16,2025-05-04 21:25:13.188000+00:00,1259,7,10033
18,2025-05-04 20:51:20.090000+00:00,1259,16,10033
22,2025-05-04 20:57:58.986000+00:00,1259,10,10033
23,2025-05-04 20:52:06.464000+00:00,1259,5,10033
27,2025-05-04 21:02:54.920000+00:00,1259,14,10033
30,2025-05-04 20:53:03.376000+00:00,1259,17,10033
31,2025-05-04 21:01:50.589000+00:00,1259,12,10033
44,2025-05-04 21:25:13.188000+00:00,1259,8,10033
55,2025-05-04 20:57:17.878000+00:00,1259,9,10033
63,2025-05-04 20:44:52.435000+00:00,1259,3,10033
81,2025-05-04 20:24:41.345000+00:00,1259,1,10033
87,2025-05-04 20:47:53.337000+00:00,1259,19,10033
1,2025-05-18 13:03:51.831000+00:00,1260,1,9987
4,2025-05-18 14:27:31.536000+00:00,1260,2,9987
5,2025-05-18 14:27:47.623000+00:00,1260,18,9987
6,2025-05-18 14:08:37.335000+00:00,1260,9,9987
10,2025-05-18 14:26:51.204000+00:00,1260,13,9987
12,2025-05-18 14:06:35.666000+00:00,1260,19,9987
14,2025-05-18 14:29:27.971000+00:00,1260,11,9987
16,2025-05-18 14:34:13.809000+00:00,1260,6,9987
18,2025-05-18 14:09:07.316000+00:00,1260,15,9987
22,2025-05-18 14:22:51.002000+00:00,1260,10,9987
23,2025-05-18 14:34:13.809000+00:00,1260,5,9987
27,2025-05-18 14:29:27.971000+00:00,1260,12,9987
30,2025-05-18 14:24:10.528000+00:00,1260,14,9987
31,2025-05-18 13:41:26.742000+00:00,1260,20,9987
43,2025-05-18 14:08:59.403000+00:00,1260,16,9987
44,2025-05-18 14:31:34.701000+00:00,1260,4,9987
55,2025-05-18 14:08:37.335000+00:00,1260,8,9987
63,2025-05-18 14:26:15.626000+00:00,1260,7,9987
81,2025-05-18 14:27:31.536000+00:00,1260,3,9987
87,2025-05-18 14:27:47.623000+00:00,1260,17,9987
1,2025-05-25 14:44:03.910000+00:00,1261,4,9979
4,2025-05-25 14:42:30.144000+00:00,1261,1,9979
5,2025-05-25 14:44:51.754000+00:00,1261,14,9979
6,2025-05-25 14:44:48.441000+00:00,1261,6,9979
10,2025-05-25 13:20:49.574000+00:00,1261,20,9979
12,2025-05-25 14:44:55.113000+00:00,1261,18,9979
14,2025-05-25 13:53:56.837000+00:00,1261,19,9979
16,2025-05-25 14:42:31.222000+00:00,1261,2,9979
18,2025-05-25 14:44:53.676000+00:00,1261,15,9979
22,2025-05-25 14:44:55.113000+00:00,1261,17,9979
23,2025-05-25 14:44:50.082000+00:00,1261,9,9979
27,2025-05-25 14:44:54.832000+00:00,1261,16,9979
30,2025-05-25 14:44:50.082000+00:00,1261,8,9979
31,2025-05-25 14:44:49.347000+00:00,1261,7,9979
43,2025-05-25 14:44:50.082000+00:00,1261,13,9979
44,2025-05-25 14:44:34.675000+00:00,1261,5,9979
55,2025-05-25 14:44:50.082000+00:00,1261,10,9979
63,2025-05-25 14:44:50.082000+00:00,1261,11,9979
81,2025-05-25 14:42:32.129000+00:00,1261,3,9979
87,2025-05-25 14:44:50.082000+00:00,1261,12,9979
1,2025-06-01 14:37:36.876000+00:00,1262,10,9971
4,2025-06-01 13:42:47.130000+00:00,1262,2,9971
5,2025-06-01 14:33:22.913000+00:00,1262,12,9971
6,2025-06-01 14:37:36.876000+00:00,1262,7,9971
10,2025-06-01 14:37:36.876000+00:00,1262,8,9971
12,2025-06-01 14:18:16.955000+00:00,1262,18,9971
14,2025-06-01 14:37:36.876000+00:00,1262,9,9971
16,2025-06-01 14:28:54.143000+00:00,1262,3,9971
22,2025-06-01 14:36:45.145000+00:00,1262,13,9971
23,2025-06-01 13:39:48.632000+00:00,1262,19,9971
27,2025-06-01 14:37:36.876000+00:00,1262,5,9971
30,2025-06-01 14:34:06.512000+00:00,1262,11,9971
31,2025-06-01 14:36:47.396000+00:00,1262,16,9971
43,2025-06-01 14:36:46.648000+00:00,1262,15,9971
44,2025-06-01 14:37:36.876000+00:00,1262,6,9971
55,2025-06-01 14:36:45.145000+00:00,1262,14,9971
63,2025-06-01 14:33:39.105000+00:00,1262,4,9971
81,2025-06-01 13:42:38.861000+00:00,1262,1,9971
87,2025-06-01 14:36:47.396000+00:00,1262,17,9971
1,2025-06-15 19:10:49.061000+00:00,1263,2,9963
4,2025-06-15 19:29:46.127000+00:00,1263,18,9963
5,2025-06-15 19:29:34.497000+00:00,1263,14,9963
6,2025-06-15 19:29:43.821000+00:00,1263,16,9963
10,2025-06-15 19:29:38.318000+00:00,1263,15,9963
12,2025-06-15 19:10:50.530000+00:00,1263,3,9963
14,2025-06-15 19:28:42.311000+00:00,1263,7,9963
16,2025-06-15 19:27:28.935000+00:00,1263,5,9963
18,2025-06-15 19:29:46.127000+00:00,1263,17,9963
22,2025-06-15 19:29:29.292000+00:00,1263,12,9963
23,2025-06-15 19:04:08.118000+00:00,1263,20,9963
27,2025-06-15 19:28:45.389000+00:00,1263,8,9963
30,2025-06-15 19:13:26.703000+00:00,1263,19,9963
31,2025-06-15 19:29:04.014000+00:00,1263,9,9963
43,2025-06-15 19:29:33.604000+00:00,1263,13,9963
44,2025-06-15 19:28:03.607000+00:00,1263,6,9963
55,2025-06-15 19:29:05.030000+00:00,1263,10,9963
63,2025-06-15 19:10:46.827000+00:00,1263,1,9963
81,2025-06-15 19:26:54.185000+00:00,1263,4,9963
87,2025-06-15 19:29:27.280000+00:00,1263,11,9963
1,2025-06-29 13:18:33.944000+00:00,1264,18,9955
4,2025-06-29 14:22:21.635000+00:00,1264,1,9955
5,2025-06-29 14:39:53.200000+00:00,1264,8,9955
6,2025-06-29 14:38:01.251000+00:00,1264,12,9955
10,2025-06-29 14:22:38.998000+00:00,1264,13,9955
12,2025-06-29 13:18:33.944000+00:00,1264,19,9955
14,2025-06-29 14:39:53.200000+00:00,1264,7,9955
16,2025-06-29 14:19:09.423000+00:00,1264,3,9955
18,2025-06-29 14:38:00.661000+00:00,1264,14,9955
22,2025-06-29 14:31:58.738000+00:00,1264,16,9955
23,2025-06-29 13:38:07.101000+00:00,1264,17,9955
27,2025-06-29 14:27:10.031000+00:00,1264,9,9955
30,2025-06-29 14:24:35.613000+00:00,1264,6,9955
31,2025-06-29 14:28:21.976000+00:00,1264,10,9955
43,2025-06-29 14:38:00.661000+00:00,1264,15,9955
44,2025-06-29 14:19:09.423000+00:00,1264,4,9955
55,2025-06-29 13:18:11.530000+00:00,1264,20,9955
63,2025-06-29 14:24:35.613000+00:00,1264,5,9955
81,2025-06-29 14:22:21.635000+00:00,1264,2,9955
87,2025-06-29 14:38:01.251000+00:00,1264,11,9955
1,2025-07-06 15:39:14.869000+00:00,1277,5,9947
4,2025-07-06 15:27:00.924000+00:00,1277,1,9947
5,2025-07-06 14:10:52.309000+00:00,1277,18,9947
6,2025-07-06 14:41:04.543000+00:00,1277,17,9947
10,2025-07-06 15:41:49.439000+00:00,1277,6,9947
12,2025-07-06 14:50:45.933000+00:00,1277,16,9947
14,2025-07-06 15:41:28.577000+00:00,1277,9,9947
16,2025-07-06 15:28:23.669000+00:00,1277,14,9947
18,2025-07-06 15:41:49.439000+00:00,1277,7,9947
22,2025-07-06 15:25:13.855000+00:00,1277,15,9947
23,2025-07-06 15:41:28.577000+00:00,1277,8,9947
27,2025-07-06 15:12:06.294000+00:00,1277,3,9947
30,2025-07-06 14:04:40.234000+00:00,1277,19,9947
31,2025-07-06 15:28:23.669000+00:00,1277,13,9947
43,2025-07-06 13:07:50.468000+00:00,1277,20,9947
44,2025-07-06 15:26:26.268000+00:00,1277,4,9947
55,2025-07-06 15:28:17.469000+00:00,1277,12,9947
63,2025-07-06 15:28:14.771000+00:00,1277,10,9947
81,2025-07-06 15:27:00.924000+00:00,1277,2,9947
87,2025-07-06 15:28:16.581000+00:00,1277,11,9947
1,2025-07-26 10:04:24.795000+00:00,1265,1,9934
4,2025-07-26 10:09:45.669000+00:00,1265,3,9934
5,2025-07-26 10:04:06.430000+00:00,1265,9,9934
6,2025-07-26 10:04:06.144000+00:00,1265,8,9934
10,2025-07-26 10:04:09.176000+00:00,1265,20,9934
12,2025-07-26 10:11:44.963000+00:00,1265,17,9934
14,2025-07-26 10:04:07.393000+00:00,1265,14,9934
16,2025-07-26 10:09:45.669000+00:00,1265,4,9934
18,2025-07-26 10:04:07.208000+00:00,1265,13,9934
22,2025-07-26 10:04:06.785000+00:00,1265,11,9934
23,2025-07-26 10:29:39.538000+00:00,1265,16,9934
27,2025-07-26 10:11:44.963000+00:00,1265,18,9934
30,2025-07-26 10:04:06.660000+00:00,1265,10,9934
31,2025-07-26 09:16:39.714000+00:00,1265,5,9934
43,2025-07-26 10:04:09.176000+00:00,1265,19,9934
44,2025-07-26 10:29:39.538000+00:00,1265,15,9934
55,2025-07-26 09:16:39.714000+00:00,1265,6,9934
63,2025-07-26 10:04:07.161000+00:00,1265,12,9934
81,2025-07-26 10:04:24.795000+00:00,1265,2,9934
87,2025-07-26 09:16:39.714000+00:00,1265,7,9934
1,2025-07-27 14:50:35.712000+00:00,1265,4,9939
4,2025-07-27 14:50:18.447000+00:00,1265,2,9939
5,2025-07-27 15:02:06.235000+00:00,1265,9,9939
6,2025-07-27 15:03:51.450000+00:00,1265,20,9939
10,2025-07-27 15:25:10.507000+00:00,1265,10,9939
12,2025-07-27 15:29:35.996000+00:00,1265,16,9939
14,2025-07-27 15:20:03.593000+00:00,1265,17,9939
16,2025-07-27 14:50:35.056000+00:00,1265,3,9939
18,2025-07-27 15:36:28.759000+00:00,1265,14,9939
22,2025-07-27 15:45:20.608000+00:00,1265,13,9939
23,2025-07-27 14:50:37.619000+00:00,1265,6,9939
27,2025-07-27 15:45:20.608000+00:00,1265,12,9939
30,2025-07-27 14:50:45.166000+00:00,1265,8,9939
31,2025-07-27 15:29:35.996000+00:00,1265,15,9939
43,2025-07-27 15:18:30.839000+00:00,1265,19,9939
44,2025-07-27 14:50:39.259000+00:00,1265,7,9939
55,2025-07-27 15:18:30.839000+00:00,1265,18,9939
63,2025-07-27 14:50:36.337000+00:00,1265,5,9939
81,2025-07-27 14:50:18.447000+00:00,1265,1,9939
87,2025-07-27 15:43:32.413000+00:00,1265,11,9939
1,2025-08-03 14:10:02.353000+00:00,1266,9,9928
4,2025-08-03 14:05:00.645000+00:00,1266,1,9928
5,2025-08-03 14:09:55.993000+00:00,1266,6,9928
6,2025-08-03 14:07:37.456000+00:00,1266,11,9928
10,2025-08-03 14:39:40.152000+00:00,1266,19,9928
12,2025-08-03 14:04:57.364000+00:00,1266,10,9928
14,2025-08-03 14:09:54.432000+00:00,1266,5,9928
16,2025-08-03 14:26:57.861000+00:00,1266,4,9928
18,2025-08-03 14:09:59.314000+00:00,1266,7,9928
22,2025-08-03 14:39:40.152000+00:00,1266,17,9928
23,2025-08-03 14:33:53.870000+00:00,1266,15,9928
27,2025-08-03 14:31:06.525000+00:00,1266,13,9928
30,2025-08-03 14:10:02.353000+00:00,1266,8,9928
31,2025-08-03 14:33:53.870000+00:00,1266,16,9928
43,2025-08-03 14:39:40.152000+00:00,1266,18,9928
44,2025-08-03 14:13:08.580000+00:00,1266,12,9928
55,2025-08-03 14:32:23.319000+00:00,1266,14,9928
63,2025-08-03 14:26:57.861000+00:00,1266,3,9928
81,2025-08-03 14:12:01.369000+00:00,1266,2,9928
87,2025-08-03 14:10:36.379000+00:00,1266,20,9928
1,2025-08-31 14:30:14.342000+00:00,1267,2,9920
4,2025-08-31 14:31:11.623000+00:00,1267,18,9920
5,2025-08-31 14:42:12.681000+00:00,1267,15,9920
6,2025-08-31 14:30:16.733000+00:00,1267,3,9920
10,2025-08-31 14:41:00.355000+00:00,1267,17,9920
12,2025-08-31 14:42:12.681000+00:00,1267,16,9920
14,2025-08-31 14:42:02.856000+00:00,1267,8,9920
16,2025-08-31 14:14:37.747000+00:00,1267,19,9920
18,2025-08-31 14:42:00.608000+00:00,1267,7,9920
22,2025-08-31 14:42:04.712000+00:00,1267,9,9920
23,2025-08-31 14:30:20.296000+00:00,1267,5,9920
27,2025-08-31 14:42:10.852000+00:00,1267,14,9920
30,2025-08-31 14:42:08.224000+00:00,1267,12,9920
31,2025-08-31 14:42:05.186000+00:00,1267,10,9920
43,2025-08-31 14:42:05.629000+00:00,1267,11,9920
44,2025-08-31 13:32:36.849000+00:00,1267,20,9920
55,2025-08-31 14:42:08.556000+00:00,1267,13,9920
63,2025-08-31 14:30:19.561000+00:00,1267,4,9920
81,2025-08-31 12:06:55.856000+00:00,1267,1,9920
87,2025-08-31 14:42:00.256000+00:00,1267,6,9920
1,2025-09-07 14:07:34.004000+00:00,1268,1,9912
4,2025-09-07 14:10:40.564000+00:00,1268,2,9912
5,2025-09-07 14:17:57.800000+00:00,1268,8,9912
6,2025-09-07 14:15:22.269000+00:00,1268,10,9912
10,2025-09-07 14:15:15.469000+00:00,1268,16,9912
12,2025-09-07 14:17:57.800000+00:00,1268,9,9912
14,2025-09-07 13:37:41.997000+00:00,1268,19,9912
16,2025-09-07 14:01:02.681000+00:00,1268,4,9912
18,2025-09-07 14:12:58.959000+00:00,1268,18,9912
22,2025-09-07 14:15:41.995000+00:00,1268,13,9912
23,2025-09-07 14:15:05.959000+00:00,1268,7,9912
27,2025-09-07 13:03:51.653000+00:00,1268,20,9912
30,2025-09-07 14:15:42.729000+00:00,1268,14,9912
31,2025-09-07 14:15:42.729000+00:00,1268,15,9912
43,2025-09-07 14:15:15.469000+00:00,1268,17,9912
44,2025-09-07 14:01:22.705000+00:00,1268,6,9912
55,2025-09-07 14:15:23.112000+00:00,1268,11,9912
63,2025-09-07 14:01:11.892000+00:00,1268,5,9912
81,2025-09-07 14:10:40.564000+00:00,1268,3,9912
87,2025-09-07 14:15:28.483000+00:00,1268,12,9912
1,2025-09-21 10:06:40.203000+00:00,1269,1,9904
4,2025-09-21 12:18:42.014000+00:00,1269,7,9904
5,2025-09-21 12:38:27.841000+00:00,1269,11,9904
6,2025-09-21 11:59:26.505000+00:00,1269,10,9904
10,2025-09-21 12:33:52.869000+00:00,1269,18,9904
12,2025-09-21 12:15:06.574000+00:00,1269,4,9904
14,2025-09-21 12:14:05.333000+00:00,1269,15,9904
16,2025-09-21 12:22:18.312000+00:00,1269,9,9904
18,2025-09-21 12:14:33.705000+00:00,1269,17,9904
22,2025-09-21 12:15:28.766000+00:00,1269,6,9904
23,2025-09-21 12:38:28.534000+00:00,1269,13,9904
27,2025-09-21 12:14:33.705000+00:00,1269,16,9904
30,2025-09-21 12:15:28.766000+00:00,1269,5,9904
31,2025-09-21 12:19:18.733000+00:00,1269,14,9904
43,2025-09-21 12:33:52.869000+00:00,1269,19,9904
44,2025-09-21 12:22:18.312000+00:00,1269,8,9904
55,2025-09-21 12:15:04.522000+00:00,1269,3,9904
63,2025-09-21 11:55:25.568000+00:00,1269,2,9904
81,2025-09-21 11:04:50.500000+00:00,1269,20,9904
87,2025-09-21 12:38:28.534000+00:00,1269,12,9904
1,2025-10-05 12:47:48.373000+00:00,1270,2,9896
4,2025-10-05 12:47:53.245000+00:00,1270,3,9896
5,2025-10-05 13:32:45.959000+00:00,1270,17,9896
6,2025-10-05 13:39:36.219000+00:00,1270,11,9896
10,2025-10-05 13:43:54.095000+00:00,1270,19,9896
12,2025-10-05 13:29:48.668000+00:00,1270,5,9896
14,2025-10-05 13:20:58.942000+00:00,1270,8,9896
16,2025-10-05 13:41:28.875000+00:00,1270,6,9896
18,2025-10-05 13:37:42.043000+00:00,1270,13,9896
22,2025-10-05 13:36:41.910000+00:00,1270,12,9896
23,2025-10-05 13:38:30.800000+00:00,1270,14,9896
27,2025-10-05 13:43:54.095000+00:00,1270,20,9896
30,2025-10-05 13:38:38.227000+00:00,1270,15,9896
31,2025-10-05 13:29:46.106000+00:00,1270,18,9896
43,2025-10-05 13:38:38.227000+00:00,1270,16,9896
44,2025-10-05 13:41:28.875000+00:00,1270,7,9896
55,2025-10-05 13:39:36.219000+00:00,1270,10,9896
63,2025-10-05 12:47:44.565000+00:00,1270,1,9896
81,2025-10-05 12:47:53.245000+00:00,1270,4,9896
87,2025-10-05 13:26:11.882000+00:00,1270,9,9896
1,2025-10-18 16:16:23.680000+00:00,1271,1,9883
4,2025-10-18 17:45:10.437000+00:00,1271,19,9883
5,2025-10-18 17:41:53.081000+00:00,1271,11,9883
6,2025-10-18 17:41:53.659000+00:00,1271,12,9883
10,2025-10-18 17:41:52.565000+00:00,1271,10,9883
12,2025-10-18 17:41:52.331000+00:00,1271,8,9883
14,2025-10-18 17:45:10.437000+00:00,1271,20,9883
16,2025-10-18 17:22:03.693000+00:00,1271,5,9883
18,2025-10-18 17:45:10.437000+00:00,1271,17,9883
22,2025-10-18 17:04:25.961000+00:00,1271,7,9883
23,2025-10-18 17:04:25.961000+00:00,1271,6,9883
27,2025-10-18 17:41:54.097000+00:00,1271,13,9883
30,2025-10-18 17:41:52.331000+00:00,1271,9,9883
31,2025-10-18 17:45:10.437000+00:00,1271,16,9883
43,2025-10-18 17:41:55.456000+00:00,1271,14,9883
44,2025-10-18 17:22:03.693000+00:00,1271,4,9883
55,2025-10-18 17:04:05.581000+00:00,1271,3,9883
63,2025-10-18 17:04:05.221000+00:00,1271,2,9883
81,2025-10-18 17:04:44.272000+00:00,1271,18,9883
87,2025-10-18 17:41:55.456000+00:00,1271,15,9883
1,2025-10-19 18:07:05.492000+00:00,1271,1,9888
4,2025-10-19 20:29:03.062000+00:00,1271,2,9888
5,2025-10-19 20:36:18.198000+00:00,1271,18,9888
6,2025-10-19 20:30:17.250000+00:00,1271,16,9888
10,2025-10-19 20:36:18.198000+00:00,1271,19,9888
12,2025-10-19 20:23:30.553000+00:00,1271,13,9888
14,2025-10-19 20:05:46.782000+00:00,1271,10,9888
16,2025-10-19 20:29:03.062000+00:00,1271,3,9888
18,2025-10-19 20:05:49.293000+00:00,1271,12,9888
22,2025-10-19 20:00:31.280000+00:00,1271,7,9888
23,2025-10-19 20:35:15.887000+00:00,1271,14,9888
27,2025-10-19 20:02:32.180000+00:00,1271,8,9888
30,2025-10-19 20:05:48.278000+00:00,1271,11,9888
31,2025-10-19 20:35:15.887000+00:00,1271,15,9888
43,2025-10-19 20:34:35.887000+00:00,1271,17,9888
44,2025-10-19 20:00:16.901000+00:00,1271,4,9888
55,2025-10-19 19:14:10.206000+00:00,1271,20,9888
63,2025-10-19 20:00:21.150000+00:00,1271,6,9888
81,2025-10-19 20:00:21.150000+00:00,1271,5,9888
87,2025-10-19 20:02:32.180000+00:00,1271,9,9888
1,2025-10-26 21:10:09.431000+00:00,1272,3,9877
4,2025-10-26 20:03:49.510000+00:00,1272,1,9877
5,2025-10-26 21:28:42.349000+00:00,1272,10,9877
6,2025-10-26 21:31:41.604000+00:00,1272,13,9877
10,2025-10-26 21:38:42.801000+00:00,1272,15,9877
12,2025-10-26 21:28:31.308000+00:00,1272,6,9877
14,2025-10-26 20:51:51.965000+00:00,1272,18,9877
16,2025-10-26 20:54:55.203000+00:00,1272,2,9877
18,2025-10-26 21:21:51.173000+00:00,1272,14,9877
22,2025-10-26 21:30:07.699000+00:00,1272,11,9877
23,2025-10-26 21:31:41.604000+00:00,1272,12,9877
27,2025-10-26 20:38:50.923000+00:00,1272,19,9877
30,2025-10-26 20:06:25.778000+00:00,1272,20,9877
31,2025-10-26 21:12:01.288000+00:00,1272,9,9877
43,2025-10-26 21:38:44.828000+00:00,1272,16,9877
44,2025-10-26 21:12:01.288000+00:00,1272,8,9877
55,2025-10-26 21:38:44.828000+00:00,1272,17,9877
63,2025-10-26 21:28:31.308000+00:00,1272,7,9877
81,2025-10-26 21:25:34.340000+00:00,1272,5,9877
87,2025-10-26 21:10:09.431000+00:00,1272,4,9877
1,2025-11-08 14:09:56.656000+00:00,1273,4,9864
4,2025-11-08 13:15:12.236000+00:00,1273,1,9864
5,2025-11-08 14:56:26.880000+00:00,1273,18,9864
6,2025-11-08 14:56:17.551000+00:00,1273,10,9864
10,2025-11-08 14:53:39.848000+00:00,1273,8,9864
12,2025-11-08 13:15:12.236000+00:00,1273,2,9864
14,2025-11-08 14:53:44.501000+00:00,1273,6,9864
16,2025-11-08 14:53:44.501000+00:00,1273,5,9864
18,2025-11-08 14:53:39.848000+00:00,1273,9,9864
22,2025-11-08 14:56:33.311000+00:00,1273,14,9864
23,2025-11-08 14:56:39.367000+00:00,1273,17,9864
27,2025-11-08 14:56:39.367000+00:00,1273,16,9864
30,2025-11-08 14:56:32.972000+00:00,1273,13,9864
31,2025-11-08 14:56:18.143000+00:00,1273,11,9864
43,2025-11-08 14:10:26.684000+00:00,1273,20,9864
44,2025-11-08 14:09:58.554000+00:00,1273,7,9864
55,2025-11-08 14:56:33.734000+00:00,1273,15,9864
63,2025-11-08 14:09:54.433000+00:00,1273,3,9864
81,2025-11-08 14:10:35.117000+00:00,1273,19,9864
87,2025-11-08 14:56:18.771000+00:00,1273,12,9864
1,2025-11-09 18:24:29.399000+00:00,1273,3,9869
4,2025-11-09 18:14:31.979000+00:00,1273,1,9869
5,2025-11-09 17:57:13.208000+00:00,1273,20,9869
6,2025-11-09 18:35:09.139000+00:00,1273,8,9869
10,2025-11-09 18:16:10.991000+00:00,1273,10,9869
12,2025-11-09 18:14:37.739000+00:00,1273,2,9869
14,2025-11-09 18:21:24.777000+00:00,1273,14,9869
16,2025-11-09 17:57:13.208000+00:00,1273,19,9869
18,2025-11-09 18:15:15.601000+00:00,1273,16,9869
22,2025-11-09 18:06:37.735000+00:00,1273,17,9869
23,2025-11-09 18:33:54.355000+00:00,1273,11,9869
27,2025-11-09 18:33:53.305000+00:00,1273,9,9869
30,2025-11-09 18:35:09.139000+00:00,1273,7,9869
31,2025-11-09 18:33:54.355000+00:00,1273,12,9869
43,2025-11-09 18:20:32.200000+00:00,1273,15,9869
44,2025-11-09 17:57:13.208000+00:00,1273,18,9869
55,2025-11-09 18:30:25.399000+00:00,1273,13,9869
63,2025-11-09 18:24:29.399000+00:00,1273,4,9869
81,2025-11-09 18:15:36.600000+00:00,1273,5,9869
87,2025-11-09 18:17:18.755000+00:00,1273,6,9869
1,2025-11-23 04:04:20.225000+00:00,1274,1,9858
4,2025-11-23 04:59:58.055000+00:00,1274,2,9858
5,2025-11-23 04:04:55.122000+00:00,1274,19,9858
6,2025-11-23 04:54:23.419000+00:00,1274,8,9858
10,2025-11-23 05:18:36.798000+00:00,1274,15,9858
12,2025-11-23 05:25:44.786000+00:00,1274,5,9858
14,2025-11-23 04:57:26.882000+00:00,1274,13,9858
16,2025-11-23 04:54:16.810000+00:00,1274,6,9858
18,2025-11-23 04:04:55.122000+00:00,1274,20,9858
22,2025-11-23 05:18:36.798000+00:00,1274,14,9858
23,2025-11-23 05:01:25.118000+00:00,1274,18,9858
27,2025-11-23 04:54:23.419000+00:00,1274,9,9858
30,2025-11-23 05:09:27.920000+00:00,1274,16,9858
31,2025-11-23 04:59:10.104000+00:00,1274,11,9858
43,2025-11-23 05:09:27.920000+00:00,1274,17,9858
44,2025-11-23 04:52:48.019000+00:00,1274,10,9858
55,2025-11-23 04:54:18.807000+00:00,1274,7,9858
63,2025-11-23 04:59:58.055000+00:00,1274,3,9858
81,2025-11-23 05:25:44.786000+00:00,1274,4,9858
87,2025-11-23 04:59:10.104000+00:00,1274,12,9858
1,2025-11-29 14:04:07.100000+00:00,1275,4,9845
4,2025-11-29 14:03:43.694000+00:00,1275,3,9845
5,2025-11-29 14:03:56.381000+00:00,1275,11,9845
6,2025-11-29 14:04:17.663000+00:00,1275,9,9845
10,2025-11-29 14:22:31.218000+00:00,1275,18,9845
12,2025-11-29 14:33:11.647000+00:00,1275,6,9845
14,2025-11-29 14:20:53.458000+00:00,1275,7,9845
16,2025-11-29 14:19:40.640000+00:00,1275,13,9845
18,2025-11-29 14:28:59.207000+00:00,1275,19,9845
22,2025-11-29 14:33:11.647000+00:00,1275,5,9845
23,2025-11-29 14:03:56.006000+00:00,1275,10,9845
27,2025-11-29 14:03:51.006000+00:00,1275,16,9845
30,2025-11-29 14:19:40.640000+00:00,1275,14,9845
31,2025-11-29 14:03:51.006000+00:00,1275,15,9845
43,2025-11-29 14:28:59.207000+00:00,1275,20,9845
44,2025-11-29 14:22:30.294000+00:00,1275,17,9845
55,2025-11-29 14:04:17.663000+00:00,1275,8,9845
63,2025-11-29 14:03:43.584000+00:00,1275,2,9845
81,2025-11-29 14:03:43.334000+00:00,1275,1,9845
87,2025-11-29 14:04:29.727000+00:00,1275,12,9845
1,2025-11-30 17:09:52.417000+00:00,1275,1,9850
4,2025-11-30 17:26:38.774000+00:00,1275,4,9850
5,2025-11-30 17:26:13.493000+00:00,1275,13,9850
6,2025-11-30 17:26:41.462000+00:00,1275,18,9850
10,2025-11-30 17:26:23.180000+00:00,1275,16,9850
12,2025-11-30 17:26:38.774000+00:00,1275,5,9850
14,2025-11-30 17:25:16.789000+00:00,1275,7,9850
16,2025-11-30 17:25:25.883000+00:00,1275,8,9850
18,2025-11-30 17:26:41.462000+00:00,1275,17,9850
22,2025-11-30 17:25:40.071000+00:00,1275,10,9850
23,2025-11-30 17:25:47.289000+00:00,1275,11,9850
27,2025-11-30 16:12:50.071000+00:00,1275,20,9850
30,2025-11-30 17:25:38.149000+00:00,1275,9,9850
31,2025-11-30 17:26:22.430000+00:00,1275,15,9850
43,2025-11-30 17:26:21.758000+00:00,1275,14,9850
44,2025-11-30 17:26:03.352000+00:00,1275,12,9850
55,2025-11-30 17:10:18.354000+00:00,1275,3,9850
63,2025-11-30 17:25:12.102000+00:00,1275,6,9850
81,2025-11-30 17:10:13.636000+00:00,1275,2,9850
87,2025-11-30 17:05:19.446000+00:00,1275,19,9850
1,2025-12-07 14:03:53.662000+00:00,1276,1,9839
4,2025-12-07 13:37:24.293000+00:00,1276,3,9839
5,2025-12-07 14:38:30.459000+00:00,1276,11,9839
6,2025-12-07 14:23:09.345000+00:00,1276,17,9839
10,2025-12-07 14:04:24.494000+00:00,1276,19,9839
12,2025-12-07 14:24:24.287000+00:00,1276,15,9839
14,2025-12-07 14:07:03.640000+00:00,1276,6,9839
16,2025-12-07 14:05:49.228000+00:00,1276,4,9839
18,2025-12-07 14:38:30.459000+00:00,1276,10,9839
22,2025-12-07 14:25:33.523000+00:00,1276,14,9839
23,2025-12-07 14:23:09.345000+00:00,1276,16,9839
27,2025-12-07 14:38:30.459000+00:00,1276,9,9839
30,2025-12-07 14:12:32.513000+00:00,1276,18,9839
31,2025-12-07 14:21:16.359000+00:00,1276,7,9839
43,2025-12-07 14:03:23.721000+00:00,1276,20,9839
44,2025-12-07 14:21:16.359000+00:00,1276,8,9839
55,2025-12-07 14:28:42.912000+00:00,1276,13,9839
63,2025-12-07 14:05:49.228000+00:00,1276,5,9839
81,2025-12-07 14:03:53.662000+00:00,1276,2,9839
87,2025-12-07 14:38:30.459000+00:00,1276,12,9839
1,2026-03-08 05:03:58.227000+00:00,1279,5,11234
3,2026-03-08 05:03:58.227000+00:00,1279,6,11234
5,2026-03-08 05:01:28.304000+00:00,1279,9,11234
6,2026-03-08 04:19:45.510000+00:00,1279,20,11234
10,2026-03-08 05:01:28.304000+00:00,1279,10,11234
11,2026-03-08 04:31:39.925000+00:00,1279,16,11234
12,2026-03-08 04:44:53.723000+00:00,1279,2,11234
14,2026-03-08 04:44:29.101000+00:00,1279,18,11234
16,2026-03-08 04:45:01.506000+00:00,1279,3,11234
18,2026-03-08 04:24:12.551000+00:00,1279,17,11234
23,2026-03-08 04:46:48.170000+00:00,1279,12,11234
27,2026-03-08 04:30:39.772000+00:00,1279,22,11234
30,2026-03-08 04:58:42.733000+00:00,1279,13,11234
31,2026-03-08 05:00:03.456000+00:00,1279,11,11234
41,2026-03-08 05:01:59.482000+00:00,1279,8,11234
43,2026-03-08 04:58:42.733000+00:00,1279,14,11234
44,2026-03-08 04:45:01.506000+00:00,1279,4,11234
55,2026-03-08 04:53:38.018000+00:00,1279,15,11234
63,2026-03-08 04:44:14.144000+00:00,1279,1,11234
77,2026-03-08 04:44:29.101000+00:00,1279,19,11234
81,2026-03-08 04:30:39.772000+00:00,1279,21,11234
87,2026-03-08 05:01:59.482000+00:00,1279,7,11234
