circuit_key,circuit_short_name,country_code,country_key,country_name,date_end,date_start,gmt_offset,location,meeting_key,session_key,session_name,session_type,year
63,Sakhir,BRN,36,Bahrain,2024-02-21 16:00:00+00:00,2024-02-21 07:00:00+00:00,03:00:00,Sakhir,1228,9462,Day 1,Practice,2024
63,Sakhir,BRN,36,Bahrain,2024-02-22 16:00:00+00:00,2024-02-22 07:00:00+00:00,03:00:00,Sakhir,1228,9463,Day 2,Practice,2024
63,Sakhir,BRN,36,Bahrain,2024-02-23 16:00:00+00:00,2024-02-23 07:00:00+00:00,03:00:00,Sakhir,1228,9464,Day 3,Practice,2024
63,Sakhir,BRN,36,Bahrain,2024-02-29 12:30:00+00:00,2024-02-29 11:30:00+00:00,03:00:00,Sakhir,1229,9465,Practice 1,Practice,2024
63,Sakhir,BRN,36,Bahrain,2024-02-29 16:00:00+00:00,2024-02-29 15:00:00+00:00,03:00:00,Sakhir,1229,9466,Practice 2,Practice,2024
63,Sakhir,BRN,36,Bahrain,2024-03-01 13:30:00+00:00,2024-03-01 12:30:00+00:00,03:00:00,Sakhir,1229,9467,Practice 3,Practice,2024
63,Sakhir,BRN,36,Bahrain,2024-03-01 17:00:00+00:00,2024-03-01 16:00:00+00:00,03:00:00,Sakhir,1229,9468,Qualifying,Qualifying,2024
63,Sakhir,BRN,36,Bahrain,2024-03-02 17:00:00+00:00,2024-03-02 15:00:00+00:00,03:00:00,Sakhir,1229,9472,Race,Race,2024
149,Jeddah,KSA,153,Saudi Arabia,2024-03-07 14:30:00+00:00,2024-03-07 13:30:00+00:00,03:00:00,Jeddah,1230,9473,Practice 1,Practice,2024
149,Jeddah,KSA,153,Saudi Arabia,2024-03-07 18:10:00+00:00,2024-03-07 17:10:00+00:00,03:00:00,Jeddah,1230,9474,Practice 2,Practice,2024
149,Jeddah,KSA,153,Saudi Arabia,2024-03-08 14:30:00+00:00,2024-03-08 13:30:00+00:00,03:00:00,Jeddah,1230,9475,Practice 3,Practice,2024
149,Jeddah,KSA,153,Saudi Arabia,2024-03-08 18:00:00+00:00,2024-03-08 17:00:00+00:00,03:00:00,Jeddah,1230,9476,Qualifying,Qualifying,2024
149,Jeddah,KSA,153,Saudi Arabia,2024-03-09 19:00:00+00:00,2024-03-09 17:00:00+00:00,03:00:00,Jeddah,1230,9480,Race,Race,2024
10,Melbourne,AUS,5,Australia,2024-03-22 02:30:00+00:00,2024-03-22 01:30:00+00:00,11:00:00,Melbourne,1231,9481,Practice 1,Practice,2024
10,Melbourne,AUS,5,Australia,2024-03-22 06:00:00+00:00,2024-03-22 05:00:00+00:00,11:00:00,Melbourne,1231,9482,Practice 2,Practice,2024
10,Melbourne,AUS,5,Australia,2024-03-23 02:30:00+00:00,2024-03-23 01:30:00+00:00,11:00:00,Melbourne,1231,9483,Practice 3,Practice,2024
10,Melbourne,AUS,5,Australia,2024-03-23 06:00:00+00:00,2024-03-23 05:00:00+00:00,11:00:00,Melbourne,1231,9484,Qualifying,Qualifying,2024
10,Melbourne,AUS,5,Australia,2024-03-24 06:00:00+00:00,2024-03-24 04:00:00+00:00,11:00:00,Melbourne,1231,9488,Race,Race,2024
46,Suzuka,JPN,4,Japan,2024-04-05 03:30:00+00:00,2024-04-05 02:30:00+00:00,09:00:00,Suzuka,1232,9489,Practice 1,Practice,2024
46,Suzuka,JPN,4,Japan,2024-04-05 07:00:00+00:00,2024-04-05 06:00:00+00:00,09:00:00,Suzuka,1232,9490,Practice 2,Practice,2024
46,Suzuka,JPN,4,Japan,2024-04-06 03:30:00+00:00,2024-04-06 02:30:00+00:00,09:00:00,Suzuka,1232,9491,Practice 3,Practice,2024
46,Suzuka,JPN,4,Japan,2024-04-06 07:00:00+00:00,2024-04-06 06:00:00+00:00,09:00:00,Suzuka,1232,9492,Qualifying,Qualifying,2024
46,Suzuka,JPN,4,Japan,2024-04-07 07:00:00+00:00,2024-04-07 05:00:00+00:00,09:00:00,Suzuka,1232,9496,Race,Race,2024
49,Shanghai,CHN,53,China,2024-04-19 04:30:00+00:00,2024-04-19 03:30:00+00:00,08:00:00,Shanghai,1233,9663,Practice 1,Practice,2024
49,Shanghai,CHN,53,China,2024-04-19 08:14:00+00:00,2024-04-19 07:30:00+00:00,08:00:00,Shanghai,1233,9668,Sprint Qualifying,Qualifying,2024
49,Shanghai,CHN,53,China,2024-04-20 04:00:00+00:00,2024-04-20 03:00:00+00:00,08:00:00,Shanghai,1233,9672,Sprint,Race,2024
49,Shanghai,CHN,53,China,2024-04-20 08:00:00+00:00,2024-04-20 07:00:00+00:00,08:00:00,Shanghai,1233,9664,Qualifying,Qualifying,2024
49,Shanghai,CHN,53,China,2024-04-21 09:00:00+00:00,2024-04-21 07:00:00+00:00,08:00:00,Shanghai,1233,9673,Race,Race,2024
151,Miami,USA,19,United States,2024-05-03 17:30:00+00:00,2024-05-03 16:30:00+00:00,-04:00:00,Miami,1234,9497,Practice 1,Practice,2024
151,Miami,USA,19,United States,2024-05-03 21:14:00+00:00,2024-05-03 20:30:00+00:00,-04:00:00,Miami,1234,9502,Sprint Qualifying,Qualifying,2024
151,Miami,USA,19,United States,2024-05-04 17:00:00+00:00,2024-05-04 16:00:00+00:00,-04:00:00,Miami,1234,9506,Sprint,Race,2024
151,Miami,USA,19,United States,2024-05-04 21:00:00+00:00,2024-05-04 20:00:00+00:00,-04:00:00,Miami,1234,9498,Qualifying,Qualifying,2024
151,Miami,USA,19,United States,2024-05-05 22:00:00+00:00,2024-05-05 20:00:00+00:00,-04:00:00,Miami,1234,9507,Race,Race,2024
6,Imola,ITA,13,Italy,2024-05-17 12:30:00+00:00,2024-05-17 11:30:00+00:00,02:00:00,Imola,1235,9508,Practice 1,Practice,2024
6,Imola,ITA,13,Italy,2024-05-17 16:00:00+00:00,2024-05-17 15:00:00+00:00,02:00:00,Imola,1235,9509,Practice 2,Practice,2024
6,Imola,ITA,13,Italy,2024-05-18 11:30:00+00:00,2024-05-18 10:30:00+00:00,02:00:00,Imola,1235,9510,Practice 3,Practice,2024
6,Imola,ITA,13,Italy,2024-05-18 15:00:00+00:00,2024-05-18 14:00:00+00:00,02:00:00,Imola,1235,9511,Qualifying,Qualifying,2024
6,Imola,ITA,13,Italy,2024-05-19 15:00:00+00:00,2024-05-19 13:00:00+00:00,02:00:00,Imola,1235,9515,Race,Race,2024
22,Monte Carlo,MON,114,Monaco,2024-05-24 12:30:00+00:00,2024-05-24 11:30:00+00:00,02:00:00,Monaco,1236,9516,Practice 1,Practice,2024
22,Monte Carlo,MON,114,Monaco,2024-05-24 16:00:00+00:00,2024-05-24 15:00:00+00:00,02:00:00,Monaco,1236,9517,Practice 2,Practice,2024
22,Monte Carlo,MON,114,Monaco,2024-05-25 11:30:00+00:00,2024-05-25 10:30:00+00:00,02:00:00,Monaco,1236,9518,Practice 3,Practice,2024
22,Monte Carlo,MON,114,Monaco,2024-05-25 15:00:00+00:00,2024-05-25 14:00:00+00:00,02:00:00,Monaco,1236,9519,Qualifying,Qualifying,2024
22,Monte Carlo,MON,114,Monaco,2024-05-26 15:00:00+00:00,2024-05-26 13:00:00+00:00,02:00:00,Monaco,1236,9523,Race,Race,2024
23,Montreal,CAN,46,Canada,2024-06-07 18:30:00+00:00,2024-06-07 17:30:00+00:00,-04:00:00,Montréal,1237,9524,Practice 1,Practice,2024
23,Montreal,CAN,46,Canada,2024-06-07 22:00:00+00:00,2024-06-07 21:00:00+00:00,-04:00:00,Montréal,1237,9525,Practice 2,Practice,2024
23,Montreal,CAN,46,Canada,2024-06-08 17:30:00+00:00,2024-06-08 16:30:00+00:00,-04:00:00,Montréal,1237,9526,Practice 3,Practice,2024
23,Montreal,CAN,46,Canada,2024-06-08 21:00:00+00:00,2024-06-08 20:00:00+00:00,-04:00:00,Montréal,1237,9527,Qualifying,Qualifying,2024
23,Montreal,CAN,46,Canada,2024-06-09 20:00:00+00:00,2024-06-09 18:00:00+00:00,-04:00:00,Montréal,1237,9531,Race,Race,2024
15,Catalunya,ESP,1,Spain,2024-06-21 12:30:00+00:00,2024-06-21 11:30:00+00:00,02:00:00,Barcelona,1238,9532,Practice 1,Practice,2024
15,Catalunya,ESP,1,Spain,2024-06-21 16:00:00+00:00,2024-06-21 15:00:00+00:00,02:00:00,Barcelona,1238,9533,Practice 2,Practice,2024
15,Catalunya,ESP,1,Spain,2024-06-22 11:30:00+00:00,2024-06-22 10:30:00+00:00,02:00:00,Barcelona,1238,9534,Practice 3,Practice,2024
15,Catalunya,ESP,1,Spain,2024-06-22 15:00:00+00:00,2024-06-22 14:00:00+00:00,02:00:00,Barcelona,1238,9535,Qualifying,Qualifying,2024
15,Catalunya,ESP,1,Spain,2024-06-23 15:00:00+00:00,2024-06-23 13:00:00+00:00,02:00:00,Barcelona,1238,9539,Race,Race,2024
19,Spielberg,AUT,17,Austria,2024-06-28 11:30:00+00:00,2024-06-28 10:30:00+00:00,02:00:00,Spielberg,1239,9540,Practice 1,Practice,2024
19,Spielberg,AUT,17,Austria,2024-06-28 15:14:00+00:00,2024-06-28 14:30:00+00:00,02:00:00,Spielberg,1239,9545,Sprint Qualifying,Qualifying,2024
19,Spielberg,AUT,17,Austria,2024-06-29 11:00:00+00:00,2024-06-29 10:00:00+00:00,02:00:00,Spielberg,1239,9549,Sprint,Race,2024
19,Spielberg,AUT,17,Austria,2024-06-29 15:00:00+00:00,2024-06-29 14:00:00+00:00,02:00:00,Spielberg,1239,9541,Qualifying,Qualifying,2024
19,Spielberg,AUT,17,Austria,2024-06-30 15:00:00+00:00,2024-06-30 13:00:00+00:00,02:00:00,Spielberg,1239,9550,Race,Race,2024
2,Silverstone,GBR,2,United Kingdom,2024-07-05 12:30:00+00:00,2024-07-05 11:30:00+00:00,01:00:00,Silverstone,1240,9551,Practice 1,Practice,2024
2,Silverstone,GBR,2,United Kingdom,2024-07-05 16:00:00+00:00,2024-07-05 15:00:00+00:00,01:00:00,Silverstone,1240,9552,Practice 2,Practice,2024
2,Silverstone,GBR,2,United Kingdom,2024-07-06 11:30:00+00:00,2024-07-06 10:30:00+00:00,01:00:00,Silverstone,1240,9553,Practice 3,Practice,2024
2,Silverstone,GBR,2,United Kingdom,2024-07-06 15:00:00+00:00,2024-07-06 14:00:00+00:00,01:00:00,Silverstone,1240,9554,Qualifying,Qualifying,2024
2,Silverstone,GBR,2,United Kingdom,2024-07-07 16:00:00+00:00,2024-07-07 14:00:00+00:00,01:00:00,Silverstone,1240,9558,Race,Race,2024
4,Hungaroring,HUN,14,Hungary,2024-07-19 12:30:00+00:00,2024-07-19 11:30:00+00:00,02:00:00,Budapest,1241,9559,Practice 1,Practice,2024
4,Hungaroring,HUN,14,Hungary,2024-07-19 16:00:00+00:00,2024-07-19 15:00:00+00:00,02:00:00,Budapest,1241,9560,Practice 2,Practice,2024
4,Hungaroring,HUN,14,Hungary,2024-07-20 11:30:00+00:00,2024-07-20 10:30:00+00:00,02:00:00,Budapest,1241,9561,Practice 3,Practice,2024
4,Hungaroring,HUN,14,Hungary,2024-07-20 15:00:00+00:00,2024-07-20 14:00:00+00:00,02:00:00,Budapest,1241,9562,Qualifying,Qualifying,2024
4,Hungaroring,HUN,14,Hungary,2024-07-21 15:00:00+00:00,2024-07-21 13:00:00+00:00,02:00:00,Budapest,1241,9566,Race,Race,2024
7,Spa-Francorchamps,BEL,16,Belgium,2024-07-26 12:30:00+00:00,2024-07-26 11:30:00+00:00,02:00:00,Spa-Francorchamps,1242,9567,Practice 1,Practice,2024
7,Spa-Francorchamps,BEL,16,Belgium,2024-07-26 16:00:00+00:00,2024-07-26 15:00:00+00:00,02:00:00,Spa-Francorchamps,1242,9568,Practice 2,Practice,2024
7,Spa-Francorchamps,BEL,16,Belgium,2024-07-27 11:30:00+00:00,2024-07-27 10:30:00+00:00,02:00:00,Spa-Francorchamps,1242,9569,Practice 3,Practice,2024
7,Spa-Francorchamps,BEL,16,Belgium,2024-07-27 15:00:00+00:00,2024-07-27 14:00:00+00:00,02:00:00,Spa-Francorchamps,1242,9570,Qualifying,Qualifying,2024
7,Spa-Francorchamps,BEL,16,Belgium,2024-07-28 15:00:00+00:00,2024-07-28 13:00:00+00:00,02:00:00,Spa-Francorchamps,1242,9574,Race,Race,2024
55,Zandvoort,NED,133,Netherlands,2024-08-23 11:30:00+00:00,2024-08-23 10:30:00+00:00,02:00:00,Zandvoort,1243,9575,Practice 1,Practice,2024
55,Zandvoort,NED,133,Netherlands,2024-08-23 15:00:00+00:00,2024-08-23 14:00:00+00:00,02:00:00,Zandvoort,1243,9576,Practice 2,Practice,2024
55,Zandvoort,NED,133,Netherlands,2024-08-24 10:30:00+00:00,2024-08-24 09:30:00+00:00,02:00:00,Zandvoort,1243,9577,Practice 3,Practice,2024
55,Zandvoort,NED,133,Netherlands,2024-08-24 14:00:00+00:00,2024-08-24 13:00:00+00:00,02:00:00,Zandvoort,1243,9578,Qualifying,Qualifying,2024
55,Zandvoort,NED,133,Netherlands,2024-08-25 15:00:00+00:00,2024-08-25 13:00:00+00:00,02:00:00,Zandvoort,1243,9582,Race,Race,2024
39,Monza,ITA,13,Italy,2024-08-30 12:30:00+00:00,2024-08-30 11:30:00+00:00,02:00:00,Monza,1244,9583,Practice 1,Practice,2024
39,Monza,ITA,13,Italy,2024-08-30 16:00:00+00:00,2024-08-30 15:00:00+00:00,02:00:00,Monza,1244,9584,Practice 2,Practice,2024
39,Monza,ITA,13,Italy,2024-08-31 11:30:00+00:00,2024-08-31 10:30:00+00:00,02:00:00,Monza,1244,9585,Practice 3,Practice,2024
39,Monza,ITA,13,Italy,2024-08-31 15:00:00+00:00,2024-08-31 14:00:00+00:00,02:00:00,Monza,1244,9586,Qualifying,Qualifying,2024
39,Monza,ITA,13,Italy,2024-09-01 15:00:00+00:00,2024-09-01 13:00:00+00:00,02:00:00,Monza,1244,9590,Race,Race,2024
144,Baku,AZE,30,Azerbaijan,2024-09-13 10:30:00+00:00,2024-09-13 09:30:00+00:00,04:00:00,Baku,1245,9591,Practice 1,Practice,2024
144,Baku,AZE,30,Azerbaijan,2024-09-13 14:00:00+00:00,2024-09-13 13:00:00+00:00,04:00:00,Baku,1245,9592,Practice 2,Practice,2024
144,Baku,AZE,30,Azerbaijan,2024-09-14 09:30:00+00:00,2024-09-14 08:30:00+00:00,04:00:00,Baku,1245,9593,Practice 3,Practice,2024
144,Baku,AZE,30,Azerbaijan,2024-09-14 13:00:00+00:00,2024-09-14 12:00:00+00:00,04:00:00,Baku,1245,9594,Qualifying,Qualifying,2024
144,Baku,AZE,30,Azerbaijan,2024-09-15 13:00:00+00:00,2024-09-15 11:00:00+00:00,04:00:00,Baku,1245,9598,Race,Race,2024
61,Singapore,SGP,157,Singapore,2024-09-20 10:30:00+00:00,2024-09-20 09:30:00+00:00,08:00:00,Marina Bay,1246,9599,Practice 1,Practice,2024
61,Singapore,SGP,157,Singapore,2024-09-20 14:00:00+00:00,2024-09-20 13:00:00+00:00,08:00:00,Marina Bay,1246,9600,Practice 2,Practice,2024
61,Singapore,SGP,157,Singapore,2024-09-21 10:30:00+00:00,2024-09-21 09:30:00+00:00,08:00:00,Marina Bay,1246,9601,Practice 3,Practice,2024
61,Singapore,SGP,157,Singapore,2024-09-21 14:00:00+00:00,2024-09-21 13:00:00+00:00,08:00:00,Marina Bay,1246,9602,Qualifying,Qualifying,2024
61,Singapore,SGP,157,Singapore,2024-09-22 14:00:00+00:00,2024-09-22 12:00:00+00:00,08:00:00,Marina Bay,1246,9606,Race,Race,2024
9,Austin,USA,19,United States,2024-10-18 18:30:00+00:00,2024-10-18 17:30:00+00:00,-05:00:00,Austin,1247,9607,Practice 1,Practice,2024
9,Austin,USA,19,United States,2024-10-18 22:14:00+00:00,2024-10-18 21:30:00+00:00,-05:00:00,Austin,1247,9612,Sprint Qualifying,Qualifying,2024
9,Austin,USA,19,United States,2024-10-19 19:00:00+00:00,2024-10-19 18:00:00+00:00,-05:00:00,Austin,1247,9616,Sprint,Race,2024
9,Austin,USA,19,United States,2024-10-19 23:00:00+00:00,2024-10-19 22:00:00+00:00,-05:00:00,Austin,1247,9608,Qualifying,Qualifying,2024
9,Austin,USA,19,United States,2024-10-20 21:00:00+00:00,2024-10-20 19:00:00+00:00,-05:00:00,Austin,1247,9617,Race,Race,2024
65,Mexico City,MEX,8,Mexico,2024-10-25 19:30:00+00:00,2024-10-25 18:30:00+00:00,-06:00:00,Mexico City,1248,9618,Practice 1,Practice,2024
65,Mexico City,MEX,8,Mexico,2024-10-25 23:30:00+00:00,2024-10-25 22:00:00+00:00,-06:00:00,Mexico City,1248,9619,Practice 2,Practice,2024
65,Mexico City,MEX,8,Mexico,2024-10-26 18:30:00+00:00,2024-10-26 17:30:00+00:00,-06:00:00,Mexico City,1248,9620,Practice 3,Practice,2024
65,Mexico City,MEX,8,Mexico,2024-10-26 22:00:00+00:00,2024-10-26 21:00:00+00:00,-06:00:00,Mexico City,1248,9621,Qualifying,Qualifying,2024
65,Mexico City,MEX,8,Mexico,2024-10-27 22:00:00+00:00,2024-10-27 20:00:00+00:00,-06:00:00,Mexico City,1248,9625,Race,Race,2024
14,Interlagos,BRA,10,Brazil,2024-11-01 15:30:00+00:00,2024-11-01 14:30:00+00:00,-03:00:00,São Paulo,1249,9626,Practice 1,Practice,2024
14,Interlagos,BRA,10,Brazil,2024-11-01 19:14:00+00:00,2024-11-01 18:30:00+00:00,-03:00:00,São Paulo,1249,9631,Sprint Qualifying,Qualifying,2024
14,Interlagos,BRA,10,Brazil,2024-11-02 15:00:00+00:00,2024-11-02 14:00:00+00:00,-03:00:00,São Paulo,1249,9635,Sprint,Race,2024
14,Interlagos,BRA,10,Brazil,2024-11-03 11:30:00+00:00,2024-11-03 10:30:00+00:00,-03:00:00,São Paulo,1249,9627,Qualifying,Qualifying,2024
14,Interlagos,BRA,10,Brazil,2024-11-03 17:30:00+00:00,2024-11-03 15:30:00+00:00,-03:00:00,São Paulo,1249,9636,Race,Race,2024
152,Las Vegas,USA,19,United States,2024-11-22 03:30:00+00:00,2024-11-22 02:30:00+00:00,-08:00:00,Las Vegas,1250,9637,Practice 1,Practice,2024
152,Las Vegas,USA,19,United States,2024-11-22 07:00:00+00:00,2024-11-22 06:00:00+00:00,-08:00:00,Las Vegas,1250,9638,Practice 2,Practice,2024
152,Las Vegas,USA,19,United States,2024-11-23 03:30:00+00:00,2024-11-23 02:30:00+00:00,-08:00:00,Las Vegas,1250,9639,Practice 3,Practice,2024
152,Las Vegas,USA,19,United States,2024-11-23 07:00:00+00:00,2024-11-23 06:00:00+00:00,-08:00:00,Las Vegas,1250,9640,Qualifying,Qualifying,2024
152,Las Vegas,USA,19,United States,2024-11-24 07:59:59+00:00,2024-11-24 06:00:00+00:00,-08:00:00,Las Vegas,1250,9644,Race,Race,2024
150,Lusail,QAT,149,Qatar,2024-11-29 14:30:00+00:00,2024-11-29 13:30:00+00:00,03:00:00,Lusail,1251,9645,Practice 1,Practice,2024
150,Lusail,QAT,149,Qatar,2024-11-29 18:14:00+00:00,2024-11-29 17:30:00+00:00,03:00:00,Lusail,1251,9650,Sprint Qualifying,Qualifying,2024
150,Lusail,QAT,149,Qatar,2024-11-30 15:00:00+00:00,2024-11-30 14:00:00+00:00,03:00:00,Lusail,1251,9654,Sprint,Race,2024
150,Lusail,QAT,149,Qatar,2024-11-30 19:00:00+00:00,2024-11-30 18:00:00+00:00,03:00:00,Lusail,1251,9646,Qualifying,Qualifying,2024
150,Lusail,QAT,149,Qatar,2024-12-01 18:00:00+00:00,2024-12-01 16:00:00+00:00,03:00:00,Lusail,1251,9655,Race,Race,2024
70,Yas Marina Circuit,UAE,21,United Arab Emirates,2024-12-06 10:30:00+00:00,2024-12-06 09:30:00+00:00,04:00:00,Yas Island,1252,9461,Practice 1,Practice,2024
70,Yas Marina Circuit,UAE,21,United Arab Emirates,2024-12-06 14:00:00+00:00,2024-12-06 13:00:00+00:00,04:00:00,Yas Island,1252,9656,Practice 2,Practice,2024
70,Yas Marina Circuit,UAE,21,United Arab Emirates,2024-12-07 11:30:00+00:00,2024-12-07 10:30:00+00:00,04:00:00,Yas Island,1252,9657,Practice 3,Practice,2024
70,Yas Marina Circuit,UAE,21,United Arab Emirates,2024-12-07 15:00:00+00:00,2024-12-07 14:00:00+00:00,04:00:00,Yas Island,1252,9658,Qualifying,Qualifying,2024
70,Yas Marina Circuit,UAE,21,United Arab Emirates,2024-12-08 15:00:00+00:00,2024-12-08 13:00:00+00:00,04:00:00,Yas Island,1252,9662,Race,Race,2024
63,Sakhir,BRN,36,Bahrain,2025-02-26 16:00:00+00:00,2025-02-26 07:00:00+00:00,03:00:00,Sakhir,1253,9683,Day 1,Practice,2025
63,Sakhir,BRN,36,Bahrain,2025-02-27 16:00:00+00:00,2025-02-27 07:00:00+00:00,03:00:00,Sakhir,1253,9684,Day 2,Practice,2025
63,Sakhir,BRN,36,Bahrain,2025-02-28 16:00:00+00:00,2025-02-28 07:00:00+00:00,03:00:00,Sakhir,1253,9685,Day 3,Practice,2025
10,Melbourne,AUS,5,Australia,2025-03-14 02:30:00+00:00,2025-03-14 01:30:00+00:00,11:00:00,Melbourne,1254,9686,Practice 1,Practice,2025
10,Melbourne,AUS,5,Australia,2025-03-14 06:00:00+00:00,2025-03-14 05:00:00+00:00,11:00:00,Melbourne,1254,9687,Practice 2,Practice,2025
10,Melbourne,AUS,5,Australia,2025-03-15 02:30:00+00:00,2025-03-15 01:30:00+00:00,11:00:00,Melbourne,1254,9688,Practice 3,Practice,2025
10,Melbourne,AUS,5,Australia,2025-03-15 06:00:00+00:00,2025-03-15 05:00:00+00:00,11:00:00,Melbourne,1254,9689,Qualifying,Qualifying,2025
10,Melbourne,AUS,5,Australia,2025-03-16 06:00:00+00:00,2025-03-16 04:00:00+00:00,11:00:00,Melbourne,1254,9693,Race,Race,2025
49,Shanghai,CHN,53,China,2025-03-21 04:30:00+00:00,2025-03-21 03:30:00+00:00,08:00:00,Shanghai,1255,9988,Practice 1,Practice,2025
49,Shanghai,CHN,53,China,2025-03-21 08:14:00+00:00,2025-03-21 07:30:00+00:00,08:00:00,Shanghai,1255,9989,Sprint Qualifying,Qualifying,2025
49,Shanghai,CHN,53,China,2025-03-22 04:00:00+00:00,2025-03-22 03:00:00+00:00,08:00:00,Shanghai,1255,9993,Sprint,Race,2025
49,Shanghai,CHN,53,China,2025-03-22 08:00:00+00:00,2025-03-22 07:00:00+00:00,08:00:00,Shanghai,1255,9994,Qualifying,Qualifying,2025
49,Shanghai,CHN,53,China,2025-03-23 09:00:00+00:00,2025-03-23 07:00:00+00:00,08:00:00,Shanghai,1255,9998,Race,Race,2025
46,Suzuka,JPN,4,Japan,2025-04-04 03:30:00+00:00,2025-04-04 02:30:00+00:00,09:00:00,Suzuka,1256,9999,Practice 1,Practice,2025
46,Suzuka,JPN,4,Japan,2025-04-04 07:00:00+00:00,2025-04-04 06:00:00+00:00,09:00:00,Suzuka,1256,10000,Practice 2,Practice,2025
46,Suzuka,JPN,4,Japan,2025-04-05 03:30:00+00:00,2025-04-05 02:30:00+00:00,09:00:00,Suzuka,1256,10001,Practice 3,Practice,2025
46,Suzuka,JPN,4,Japan,2025-04-05 07:00:00+00:00,2025-04-05 06:00:00+00:00,09:00:00,Suzuka,1256,10002,Qualifying,Qualifying,2025
46,Suzuka,JPN,4,Japan,2025-04-06 07:00:00+00:00,2025-04-06 05:00:00+00:00,09:00:00,Suzuka,1256,10006,Race,Race,2025
63,Sakhir,BRN,36,Bahrain,2025-04-11 12:30:00+00:00,2025-04-11 11:30:00+00:00,03:00:00,Sakhir,1257,10007,Practice 1,Practice,2025
63,Sakhir,BRN,36,Bahrain,2025-04-11 16:00:00+00:00,2025-04-11 15:00:00+00:00,03:00:00,Sakhir,1257,10008,Practice 2,Practice,2025
63,Sakhir,BRN,36,Bahrain,2025-04-12 13:30:00+00:00,2025-04-12 12:30:00+00:00,03:00:00,Sakhir,1257,10009,Practice 3,Practice,2025
63,Sakhir,BRN,36,Bahrain,2025-04-12 17:00:00+00:00,2025-04-12 16:00:00+00:00,03:00:00,Sakhir,1257,10010,Qualifying,Qualifying,2025
63,Sakhir,BRN,36,Bahrain,2025-04-13 17:00:00+00:00,2025-04-13 15:00:00+00:00,03:00:00,Sakhir,1257,10014,Race,Race,2025
149,Jeddah,KSA,153,Saudi Arabia,2025-04-18 14:30:00+00:00,2025-04-18 13:30:00+00:00,03:00:00,Jeddah,1258,10015,Practice 1,Practice,2025
149,Jeddah,KSA,153,Saudi Arabia,2025-04-18 18:00:00+00:00,2025-04-18 17:00:00+00:00,03:00:00,Jeddah,1258,10016,Practice 2,Practice,2025
149,Jeddah,KSA,153,Saudi Arabia,2025-04-19 14:30:00+00:00,2025-04-19 13:30:00+00:00,03:00:00,Jeddah,1258,10017,Practice 3,Practice,2025
149,Jeddah,KSA,153,Saudi Arabia,2025-04-19 18:00:00+00:00,2025-04-19 17:00:00+00:00,03:00:00,Jeddah,1258,10018,Qualifying,Qualifying,2025
149,Jeddah,KSA,153,Saudi Arabia,2025-04-20 19:00:00+00:00,2025-04-20 17:00:00+00:00,03:00:00,Jeddah,1258,10022,Race,Race,2025
151,Miami,USA,19,United States,2025-05-02 17:30:00+00:00,2025-05-02 16:30:00+00:00,-04:00:00,Miami Gardens,1259,10023,Practice 1,Practice,2025
151,Miami,USA,19,United States,2025-05-02 21:14:00+00:00,2025-05-02 20:30:00+00:00,-04:00:00,Miami Gardens,1259,10024,Sprint Qualifying,Qualifying,2025
151,Miami,USA,19,United States,2025-05-03 16:30:00+00:00,2025-05-03 16:00:00+00:00,-04:00:00,Miami Gardens,1259,10028,Sprint,Race,2025
151,Miami,USA,19,United States,2025-05-03 21:00:00+00:00,2025-05-03 20:00:00+00:00,-04:00:00,Miami Gardens,1259,10029,Qualifying,Qualifying,2025
151,Miami,USA,19,United States,2025-05-04 22:00:00+00:00,2025-05-04 20:00:00+00:00,-04:00:00,Miami Gardens,1259,10033,Race,Race,2025
6,Imola,ITA,13,Italy,2025-05-16 12:30:00+00:00,2025-05-16 11:30:00+00:00,02:00:00,Imola,1260,9980,Practice 1,Practice,2025
6,Imola,ITA,13,Italy,2025-05-16 16:00:00+00:00,2025-05-16 15:00:00+00:00,02:00:00,Imola,1260,9981,Practice 2,Practice,2025
6,Imola,ITA,13,Italy,2025-05-17 11:30:00+00:00,2025-05-17 10:30:00+00:00,02:00:00,Imola,1260,9982,Practice 3,Practice,2025
6,Imola,ITA,13,Italy,2025-05-17 15:00:00+00:00,2025-05-17 14:00:00+00:00,02:00:00,Imola,1260,9983,Qualifying,Qualifying,2025
6,Imola,ITA,13,Italy,2025-05-18 15:00:00+00:00,2025-05-18 13:00:00+00:00,02:00:00,Imola,1260,9987,Race,Race,2025
22,Monte Carlo,MON,114,Monaco,2025-05-23 12:30:00+00:00,2025-05-23 11:30:00+00:00,02:00:00,Monaco,1261,9972,Practice 1,Practice,2025
22,Monte Carlo,MON,114,Monaco,2025-05-23 16:00:00+00:00,2025-05-23 15:00:00+00:00,02:00:00,Monaco,1261,9973,Practice 2,Practice,2025
22,Monte Carlo,MON,114,Monaco,2025-05-24 11:30:00+00:00,2025-05-24 10:30:00+00:00,02:00:00,Monaco,1261,9974,Practice 3,Practice,2025
22,Monte Carlo,MON,114,Monaco,2025-05-24 15:00:00+00:00,2025-05-24 14:00:00+00:00,02:00:00,Monaco,1261,9975,Qualifying,Qualifying,2025
22,Monte Carlo,MON,114,Monaco,2025-05-25 15:00:00+00:00,2025-05-25 13:00:00+00:00,02:00:00,Monaco,1261,9979,Race,Race,2025
15,Catalunya,ESP,1,Spain,2025-05-30 12:30:00+00:00,2025-05-30 11:30:00+00:00,02:00:00,Barcelona,1262,9964,Practice 1,Practice,2025
15,Catalunya,ESP,1,Spain,2025-05-30 16:00:00+00:00,2025-05-30 15:00:00+00:00,02:00:00,Barcelona,1262,9965,Practice 2,Practice,2025
15,Catalunya,ESP,1,Spain,2025-05-31 11:30:00+00:00,2025-05-31 10:30:00+00:00,02:00:00,Barcelona,1262,9966,Practice 3,Practice,2025
15,Catalunya,ESP,1,Spain,2025-05-31 15:00:00+00:00,2025-05-31 14:00:00+00:00,02:00:00,Barcelona,1262,9967,Qualifying,Qualifying,2025
15,Catalunya,ESP,1,Spain,2025-06-01 15:00:00+00:00,2025-06-01 13:00:00+00:00,02:00:00,Barcelona,1262,9971,Race,Race,2025
23,Montreal,CAN,46,Canada,2025-06-13 18:30:00+00:00,2025-06-13 17:30:00+00:00,-04:00:00,Montréal,1263,9956,Practice 1,Practice,2025
23,Montreal,CAN,46,Canada,2025-06-13 22:00:00+00:00,2025-06-13 21:00:00+00:00,-04:00:00,Montréal,1263,9957,Practice 2,Practice,2025
23,Montreal,CAN,46,Canada,2025-06-14 17:30:00+00:00,2025-06-14 16:30:00+00:00,-04:00:00,Montréal,1263,9958,Practice 3,Practice,2025
23,Montreal,CAN,46,Canada,2025-06-14 21:00:00+00:00,2025-06-14 20:00:00+00:00,-04:00:00,Montréal,1263,9959,Qualifying,Qualifying,2025
23,Montreal,CAN,46,Canada,2025-06-15 20:00:00+00:00,2025-06-15 18:00:00+00:00,-04:00:00,Montréal,1263,9963,Race,Race,2025
19,Spielberg,AUT,17,Austria,2025-06-27 12:30:00+00:00,2025-06-27 11:30:00+00:00,02:00:00,Spielberg,1264,9948,Practice 1,Practice,2025
19,Spielberg,AUT,17,Austria,2025-06-27 16:00:00+00:00,2025-06-27 15:00:00+00:00,02:00:00,Spielberg,1264,9949,Practice 2,Practice,2025
19,Spielberg,AUT,17,Austria,2025-06-28 11:30:00+00:00,2025-06-28 10:30:00+00:00,02:00:00,Spielberg,1264,9950,Practice 3,Practice,2025
19,Spielberg,AUT,17,Austria,2025-06-28 15:00:00+00:00,2025-06-28 14:00:00+00:00,02:00:00,Spielberg,1264,9951,Qualifying,Qualifying,2025
19,Spielberg,AUT,17,Austria,2025-06-29 15:00:00+00:00,2025-06-29 13:00:00+00:00,02:00:00,Spielberg,1264,9955,Race,Race,2025
2,Silverstone,GBR,2,United Kingdom,2025-07-04 12:30:00+00:00,2025-07-04 11:30:00+00:00,01:00:00,Silverstone,1277,9940,Practice 1,Practice,2025
2,Silverstone,GBR,2,United Kingdom,2025-07-04 16:00:00+00:00,2025-07-04 15:00:00+00:00,01:00:00,Silverstone,1277,9941,Practice 2,Practice,2025
2,Silverstone,GBR,2,United Kingdom,2025-07-05 11:30:00+00:00,2025-07-05 10:30:00+00:00,01:00:00,Silverstone,1277,9942,Practice 3,Practice,2025
2,Silverstone,GBR,2,United Kingdom,2025-07-05 15:00:00+00:00,2025-07-05 14:00:00+00:00,01:00:00,Silverstone,1277,9943,Qualifying,Qualifying,2025
2,Silverstone,GBR,2,United Kingdom,2025-07-06 16:00:00+00:00,2025-07-06 14:00:00+00:00,01:00:00,Silverstone,1277,9947,Race,Race,2025
7,Spa-Francorchamps,BEL,16,Belgium,2025-07-25 11:30:00+00:00,2025-07-25 10:30:00+00:00,02:00:00,Spa-Francorchamps,1265,9929,Practice 1,Practice,2025
7,Spa-Francorchamps,BEL,16,Belgium,2025-07-25 15:14:00+00:00,2025-07-25 14:30:00+00:00,02:00:00,Spa-Francorchamps,1265,9930,Sprint Qualifying,Qualifying,2025
7,Spa-Francorchamps,BEL,16,Belgium,2025-07-26 10:30:00+00:00,2025-07-26 10:00:00+00:00,02:00:00,Spa-Francorchamps,1265,9934,Sprint,Race,2025
7,Spa-Francorchamps,BEL,16,Belgium,2025-07-26 15:00:00+00:00,2025-07-26 14:00:00+00:00,02:00:00,Spa-Francorchamps,1265,9935,Qualifying,Qualifying,2025
7,Spa-Francorchamps,BEL,16,Belgium,2025-07-27 15:00:00+00:00,2025-07-27 13:00:00+00:00,02:00:00,Spa-Francorchamps,1265,9939,Race,Race,2025
4,Hungaroring,HUN,14,Hungary,2025-08-01 12:30:00+00:00,2025-08-01 11:30:00+00:00,02:00:00,Budapest,1266,9921,Practice 1,Practice,2025
4,Hungaroring,HUN,14,Hungary,2025-08-01 16:00:00+00:00,2025-08-01 15:00:00+00:00,02:00:00,Budapest,1266,9922,Practice 2,Practice,2025
4,Hungaroring,HUN,14,Hungary,2025-08-02 11:30:00+00:00,2025-08-02 10:30:00+00:00,02:00:00,Budapest,1266,9923,Practice 3,Practice,2025
4,Hungaroring,HUN,14,Hungary,2025-08-02 15:00:00+00:00,2025-08-02 14:00:00+00:00,02:00:00,Budapest,1266,9924,Qualifying,Qualifying,2025
4,Hungaroring,HUN,14,Hungary,2025-08-03 15:00:00+00:00,2025-08-03 13:00:00+00:00,02:00:00,Budapest,1266,9928,Race,Race,2025
55,Zandvoort,NED,133,Netherlands,2025-08-29 11:30:00+00:00,2025-08-29 10:30:00+00:00,02:00:00,Zandvoort,1267,9913,Practice 1,Practice,2025
55,Zandvoort,NED,133,Netherlands,2025-08-29 15:00:00+00:00,2025-08-29 14:00:00+00:00,02:00:00,Zandvoort,1267,9914,Practice 2,Practice,2025
55,Zandvoort,NED,133,Netherlands,2025-08-30 10:30:00+00:00,2025-08-30 09:30:00+00:00,02:00:00,Zandvoort,1267,9915,Practice 3,Practice,2025
55,Zandvoort,NED,133,Netherlands,2025-08-30 14:00:00+00:00,2025-08-30 13:00:00+00:00,02:00:00,Zandvoort,1267,9916,Qualifying,Qualifying,2025
55,Zandvoort,NED,133,Netherlands,2025-08-31 15:00:00+00:00,2025-08-31 13:00:00+00:00,02:00:00,Zandvoort,1267,9920,Race,Race,2025
39,Monza,ITA,13,Italy,2025-09-05 12:30:00+00:00,2025-09-05 11:30:00+00:00,02:00:00,Monza,1268,9905,Practice 1,Practice,2025
39,Monza,ITA,13,Italy,2025-09-05 16:00:00+00:00,2025-09-05 15:00:00+00:00,02:00:00,Monza,1268,9906,Practice 2,Practice,2025
39,Monza,ITA,13,Italy,2025-09-06 11:30:00+00:00,2025-09-06 10:30:00+00:00,02:00:00,Monza,1268,9907,Practice 3,Practice,2025
39,Monza,ITA,13,Italy,2025-09-06 15:00:00+00:00,2025-09-06 14:00:00+00:00,02:00:00,Monza,1268,9908,Qualifying,Qualifying,2025
39,Monza,ITA,13,Italy,2025-09-07 15:00:00+00:00,2025-09-07 13:00:00+00:00,02:00:00,Monza,1268,9912,Race,Race,2025
144,Baku,AZE,30,Azerbaijan,2025-09-19 09:30:00+00:00,2025-09-19 08:30:00+00:00,04:00:00,Baku,1269,9897,Practice 1,Practice,2025
144,Baku,AZE,30,Azerbaijan,2025-09-19 13:00:00+00:00,2025-09-19 12:00:00+00:00,04:00:00,Baku,1269,9898,Practice 2,Practice,2025
144,Baku,AZE,30,Azerbaijan,2025-09-20 09:30:00+00:00,2025-09-20 08:30:00+00:00,04:00:00,Baku,1269,9899,Practice 3,Practice,2025
144,Baku,AZE,30,Azerbaijan,2025-09-20 13:00:00+00:00,2025-09-20 12:00:00+00:00,04:00:00,Baku,1269,9900,Qualifying,Qualifying,2025
144,Baku,AZE,30,Azerbaijan,2025-09-21 13:00:00+00:00,2025-09-21 11:00:00+00:00,04:00:00,Baku,1269,9904,Race,Race,2025
61,Singapore,SGP,157,Singapore,2025-10-03 10:30:00+00:00,2025-10-03 09:30:00+00:00,08:00:00,Marina Bay,1270,9889,Practice 1,Practice,2025
61,Singapore,SGP,157,Singapore,2025-10-03 14:00:00+00:00,2025-10-03 13:00:00+00:00,08:00:00,Marina Bay,1270,9890,Practice 2,Practice,2025
61,Singapore,SGP,157,Singapore,2025-10-04 10:30:00+00:00,2025-10-04 09:30:00+00:00,08:00:00,Marina Bay,1270,9891,Practice 3,Practice,2025
61,Singapore,SGP,157,Singapore,2025-10-04 14:00:00+00:00,2025-10-04 13:00:00+00:00,08:00:00,Marina Bay,1270,9892,Qualifying,Qualifying,2025
61,Singapore,SGP,157,Singapore,2025-10-05 14:00:00+00:00,2025-10-05 12:00:00+00:00,08:00:00,Marina Bay,1270,9896,Race,Race,2025
9,Austin,USA,19,United States,2025-10-17 18:30:00+00:00,2025-10-17 17:30:00+00:00,-05:00:00,Austin,1271,9878,Practice 1,Practice,2025
9,Austin,USA,19,United States,2025-10-17 22:14:00+00:00,2025-10-17 21:30:00+00:00,-05:00:00,Austin,1271,9879,Sprint Qualifying,Qualifying,2025
9,Austin,USA,19,United States,2025-10-18 17:30:00+00:00,2025-10-18 17:00:00+00:00,-05:00:00,Austin,1271,9883,Sprint,Race,2025
9,Austin,USA,19,United States,2025-10-18 22:00:00+00:00,2025-10-18 21:00:00+00:00,-05:00:00,Austin,1271,9884,Qualifying,Qualifying,2025
9,Austin,USA,19,United States,2025-10-19 21:00:00+00:00,2025-10-19 19:00:00+00:00,-05:00:00,Austin,1271,9888,Race,Race,2025
65,Mexico City,MEX,8,Mexico,2025-10-24 19:30:00+00:00,2025-10-24 18:30:00+00:00,-06:00:00,Mexico City,1272,9870,Practice 1,Practice,2025
65,Mexico City,MEX,8,Mexico,2025-10-24 23:00:00+00:00,2025-10-24 22:00:00+00:00,-06:00:00,Mexico City,1272,9871,Practice 2,Practice,2025
65,Mexico City,MEX,8,Mexico,2025-10-25 18:30:00+00:00,2025-10-25 17:30:00+00:00,-06:00:00,Mexico City,1272,9872,Practice 3,Practice,2025
65,Mexico City,MEX,8,Mexico,2025-10-25 22:00:00+00:00,2025-10-25 21:00:00+00:00,-06:00:00,Mexico City,1272,9873,Qualifying,Qualifying,2025
65,Mexico City,MEX,8,Mexico,2025-10-26 22:00:00+00:00,2025-10-26 20:00:00+00:00,-06:00:00,Mexico City,1272,9877,Race,Race,2025
14,Interlagos,BRA,10,Brazil,2025-11-07 15:30:00+00:00,2025-11-07 14:30:00+00:00,-03:00:00,São Paulo,1273,9859,Practice 1,Practice,2025
14,Interlagos,BRA,10,Brazil,2025-11-07 19:14:00+00:00,2025-11-07 18:30:00+00:00,-03:00:00,São Paulo,1273,9860,Sprint Qualifying,Qualifying,2025
14,Interlagos,BRA,10,Brazil,2025-11-08 15:00:00+00:00,2025-11-08 14:00:00+00:00,-03:00:00,São Paulo,1273,9864,Sprint,Race,2025
14,Interlagos,BRA,10,Brazil,2025-11-08 19:00:00+00:00,2025-11-08 18:00:00+00:00,-03:00:00,São Paulo,1273,9865,Qualifying,Qualifying,2025
14,Interlagos,BRA,10,Brazil,2025-11-09 19:00:00+00:00,2025-11-09 17:00:00+00:00,-03:00:00,São Paulo,1273,9869,Race,Race,2025
152,Las Vegas,USA,19,United States,2025-11-21 01:30:00+00:00,2025-11-21 00:30:00+00:00,-08:00:00,Las Vegas,1274,9851,Practice 1,Practice,2025
152,Las Vegas,USA,19,United States,2025-11-21 05:00:00+00:00,2025-11-21 04:00:00+00:00,-08:00:00,Las Vegas,1274,9852,Practice 2,Practice,2025
152,Las Vegas,USA,19,United States,2025-11-22 01:30:00+00:00,2025-11-22 00:30:00+00:00,-08:00:00,Las Vegas,1274,9853,Practice 3,Practice,2025
152,Las Vegas,USA,19,United States,2025-11-22 05:00:00+00:00,2025-11-22 04:00:00+00:00,-08:00:00,Las Vegas,1274,9854,Qualifying,Qualifying,2025
152,Las Vegas,USA,19,United States,2025-11-23 06:00:00+00:00,2025-11-23 04:00:00+00:00,-08:00:00,Las Vegas,1274,9858,Race,Race,2025
150,Lusail,QAT,149,Qatar,2025-11-28 14:30:00+00:00,2025-11-28 13:30:00+00:00,03:00:00,Lusail,1275,9840,Practice 1,Practice,2025
150,Lusail,QAT,149,Qatar,2025-11-28 18:14:00+00:00,2025-11-28 17:30:00+00:00,03:00:00,Lusail,1275,9841,Sprint Qualifying,Qualifying,2025
150,Lusail,QAT,149,Qatar,2025-11-29 15:00:00+00:00,2025-11-29 14:00:00+00:00,03:00:00,Lusail,1275,9845,Sprint,Race,2025
150,Lusail,QAT,149,Qatar,2025-11-29 19:00:00+00:00,2025-11-29 18:00:00+00:00,03:00:00,Lusail,1275,9846,Qualifying,Qualifying,2025
150,Lusail,QAT,149,Qatar,2025-11-30 18:00:00+00:00,2025-11-30 16:00:00+00:00,03:00:00,Lusail,1275,9850,Race,Race,2025
70,Yas Marina Circuit,UAE,21,United Arab Emirates,2025-12-05 10:30:00+00:00,2025-12-05 09:30:00+00:00,04:00:00,Yas Island,1276,9832,Practice 1,Practice,2025
70,Yas Marina Circuit,UAE,21,United Arab Emirates,2025-12-05 14:00:00+00:00,2025-12-05 13:00:00+00:00,04:00:00,Yas Island,1276,9833,Practice 2,Practice,2025
70,Yas Marina Circuit,UAE,21,United Arab Emirates,2025-12-06 11:30:00+00:00,2025-12-06 10:30:00+00:00,04:00:00,Yas Island,1276,9834,Practice 3,Practice,2025
70,Yas Marina Circuit,UAE,21,United Arab Emirates,2025-12-06 15:00:00+00:00,2025-12-06 14:00:00+00:00,04:00:00,Yas Island,1276,9835,Qualifying,Qualifying,2025
70,Yas Marina Circuit,UAE,21,United Arab Emirates,2025-12-07 15:00:00+00:00,2025-12-07 13:00:00+00:00,04:00:00,Yas Island,1276,9839,Race,Race,2025
63,Sakhir,BRN,36,Bahrain,2026-02-11 16:00:00+00:00,2026-02-11 07:00:00+00:00,03:00:00,Bahrain,1304,11465,Day 1,Practice,2026
63,Sakhir,BRN,36,Bahrain,2026-02-12 16:00:00+00:00,2026-02-12 07:00:00+00:00,03:00:00,Bahrain,1304,11466,Day 2,Practice,2026
63,Sakhir,BRN,36,Bahrain,2026-02-13 16:00:00+00:00,2026-02-13 07:00:00+00:00,03:00:00,Bahrain,1304,11467,Day 3,Practice,2026
63,Sakhir,BRN,36,Bahrain,2026-02-18 16:00:00+00:00,2026-02-18 07:00:00+00:00,03:00:00,Bahrain,1305,11470,Day 1,Practice,2026
63,Sakhir,BRN,36,Bahrain,2026-02-19 16:00:00+00:00,2026-02-19 07:00:00+00:00,03:00:00,Bahrain,1305,11469,Day 2,Practice,2026
63,Sakhir,BRN,36,Bahrain,2026-02-20 16:00:00+00:00,2026-02-20 07:00:00+00:00,03:00:00,Bahrain,1305,11468,Day 3,Practice,2026
10,Melbourne,AUS,5,Australia,2026-03-06 02:30:00+00:00,2026-03-06 01:30:00+00:00,11:00:00,Melbourne,1279,11227,Practice 1,Practice,2026
10,Melbourne,AUS,5,Australia,2026-03-06 06:00:00+00:00,2026-03-06 05:00:00+00:00,11:00:00,Melbourne,1279,11228,Practice 2,Practice,2026
10,Melbourne,AUS,5,Australia,2026-03-07 02:30:00+00:00,2026-03-07 01:30:00+00:00,11:00:00,Melbourne,1279,11229,Practice 3,Practice,2026
10,Melbourne,AUS,5,Australia,2026-03-07 06:00:00+00:00,2026-03-07 05:00:00+00:00,11:00:00,Melbourne,1279,11230,Qualifying,Qualifying,2026
10,Melbourne,AUS,5,Australia,2026-03-08 06:00:00+00:00,2026-03-08 04:00:00+00:00,11:00:00,Melbourne,1279,11234,Race,Race,2026
49,Shanghai,CHN,53,China,2026-03-13 04:30:00+00:00,2026-03-13 03:30:00+00:00,08:00:00,Shanghai,1280,11235,Practice 1,Practice,2026
49,Shanghai,CHN,53,China,2026-03-13 08:14:00+00:00,2026-03-13 07:30:00+00:00,08:00:00,Shanghai,1280,11236,Sprint Qualifying,Qualifying,2026
49,Shanghai,CHN,53,China,2026-03-14 04:00:00+00:00,2026-03-14 03:00:00+00:00,08:00:00,Shanghai,1280,11240,Sprint,Race,2026
49,Shanghai,CHN,53,China,2026-03-14 08:00:00+00:00,2026-03-14 07:00:00+00:00,08:00:00,Shanghai,1280,11241,Qualifying,Qualifying,2026
49,Shanghai,CHN,53,China,2026-03-15 09:00:00+00:00,2026-03-15 07:00:00+00:00,08:00:00,Shanghai,1280,11245,Race,Race,2026
46,Suzuka,JPN,4,Japan,2026-03-27 03:30:00+00:00,2026-03-27 02:30:00+00:00,09:00:00,Suzuka,1281,11246,Practice 1,Practice,2026
46,Suzuka,JPN,4,Japan,2026-03-27 07:00:00+00:00,2026-03-27 06:00:00+00:00,09:00:00,Suzuka,1281,11247,Practice 2,Practice,2026
46,Suzuka,JPN,4,Japan,2026-03-28 03:30:00+00:00,2026-03-28 02:30:00+00:00,09:00:00,Suzuka,1281,11248,Practice 3,Practice,2026
46,Suzuka,JPN,4,Japan,2026-03-28 07:00:00+00:00,2026-03-28 06:00:00+00:00,09:00:00,Suzuka,1281,11249,Qualifying,Qualifying,2026
46,Suzuka,JPN,4,Japan,2026-03-29 07:00:00+00:00,2026-03-29 05:00:00+00:00,09:00:00,Suzuka,1281,11253,Race,Race,2026
63,Sakhir,BRN,36,Bahrain,2026-04-10 12:30:00+00:00,2026-04-10 11:30:00+00:00,03:00:00,Sakhir,1282,11254,Practice 1,Practice,2026
63,Sakhir,BRN,36,Bahrain,2026-04-10 16:00:00+00:00,2026-04-10 15:00:00+00:00,03:00:00,Sakhir,1282,11255,Practice 2,Practice,2026
63,Sakhir,BRN,36,Bahrain,2026-04-11 13:30:00+00:00,2026-04-11 12:30:00+00:00,03:00:00,Sakhir,1282,11256,Practice 3,Practice,2026
63,Sakhir,BRN,36,Bahrain,2026-04-11 17:00:00+00:00,2026-04-11 16:00:00+00:00,03:00:00,Sakhir,1282,11257,Qualifying,Qualifying,2026
63,Sakhir,BRN,36,Bahrain,2026-04-12 17:00:00+00:00,2026-04-12 15:00:00+00:00,03:00:00,Sakhir,1282,11261,Race,Race,2026
149,Jeddah,KSA,153,Saudi Arabia,2026-04-17 14:30:00+00:00,2026-04-17 13:30:00+00:00,03:00:00,Jeddah,1283,11262,Practice 1,Practice,2026
149,Jeddah,KSA,153,Saudi Arabia,2026-04-17 18:00:00+00:00,2026-04-17 17:00:00+00:00,03:00:00,Jeddah,1283,11263,Practice 2,Practice,2026
149,Jeddah,KSA,153,Saudi Arabia,2026-04-18 14:30:00+00:00,2026-04-18 13:30:00+00:00,03:00:00,Jeddah,1283,11264,Practice 3,Practice,2026
149,Jeddah,KSA,153,Saudi Arabia,2026-04-18 18:00:00+00:00,2026-04-18 17:00:00+00:00,03:00:00,Jeddah,1283,11265,Qualifying,Qualifying,2026
149,Jeddah,KSA,153,Saudi Arabia,2026-04-19 19:00:00+00:00,2026-04-19 17:00:00+00:00,03:00:00,Jeddah,1283,11269,Race,Race,2026
151,Miami,USA,19,United States,2026-05-01 17:30:00+00:00,2026-05-01 16:30:00+00:00,-04:00:00,Miami Gardens,1284,11270,Practice 1,Practice,2026
151,Miami,USA,19,United States,2026-05-01 21:14:00+00:00,2026-05-01 20:30:00+00:00,-04:00:00,Miami Gardens,1284,11271,Sprint Qualifying,Qualifying,2026
151,Miami,USA,19,United States,2026-05-02 17:00:00+00:00,2026-05-02 16:00:00+00:00,-04:00:00,Miami Gardens,1284,11275,Sprint,Race,2026
151,Miami,USA,19,United States,2026-05-02 21:00:00+00:00,2026-05-02 20:00:00+00:00,-04:00:00,Miami Gardens,1284,11276,Qualifying,Qualifying,2026
151,Miami,USA,19,United States,2026-05-03 22:00:00+00:00,2026-05-03 20:00:00+00:00,-04:00:00,Miami Gardens,1284,11280,Race,Race,2026
23,Montreal,CAN,46,Canada,2026-05-22 17:30:00+00:00,2026-05-22 16:30:00+00:00,-04:00:00,Montréal,1285,11281,Practice 1,Practice,2026
23,Montreal,CAN,46,Canada,2026-05-22 21:14:00+00:00,2026-05-22 20:30:00+00:00,-04:00:00,Montréal,1285,11282,Sprint Qualifying,Qualifying,2026
23,Montreal,CAN,46,Canada,2026-05-23 17:00:00+00:00,2026-05-23 16:00:00+00:00,-04:00:00,Montréal,1285,11286,Sprint,Race,2026
23,Montreal,CAN,46,Canada,2026-05-23 21:00:00+00:00,2026-05-23 20:00:00+00:00,-04:00:00,Montréal,1285,11287,Qualifying,Qualifying,2026
23,Montreal,CAN,46,Canada,2026-05-24 22:00:00+00:00,2026-05-24 20:00:00+00:00,-04:00:00,Montréal,1285,11291,Race,Race,2026
22,Monte Carlo,MON,114,Monaco,2026-06-05 12:30:00+00:00,2026-06-05 11:30:00+00:00,02:00:00,Monte Carlo,1286,11292,Practice 1,Practice,2026
22,Monte Carlo,MON,114,Monaco,2026-06-05 16:00:00+00:00,2026-06-05 15:00:00+00:00,02:00:00,Monte Carlo,1286,11293,Practice 2,Practice,2026
22,Monte Carlo,MON,114,Monaco,2026-06-06 11:30:00+00:00,2026-06-06 10:30:00+00:00,02:00:00,Monte Carlo,1286,11294,Practice 3,Practice,2026
22,Monte Carlo,MON,114,Monaco,2026-06-06 15:00:00+00:00,2026-06-06 14:00:00+00:00,02:00:00,Monte Carlo,1286,11295,Qualifying,Qualifying,2026
22,Monte Carlo,MON,114,Monaco,2026-06-07 15:00:00+00:00,2026-06-07 13:00:00+00:00,02:00:00,Monte Carlo,1286,11299,Race,Race,2026
15,Catalunya,ESP,1,Spain,2026-06-12 12:30:00+00:00,2026-06-12 11:30:00+00:00,02:00:00,Barcelona,1287,11300,Practice 1,Practice,2026
15,Catalunya,ESP,1,Spain,2026-06-12 16:00:00+00:00,2026-06-12 15:00:00+00:00,02:00:00,Barcelona,1287,11301,Practice 2,Practice,2026
15,Catalunya,ESP,1,Spain,2026-06-13 11:30:00+00:00,2026-06-13 10:30:00+00:00,02:00:00,Barcelona,1287,11302,Practice 3,Practice,2026
15,Catalunya,ESP,1,Spain,2026-06-13 15:00:00+00:00,2026-06-13 14:00:00+00:00,02:00:00,Barcelona,1287,11303,Qualifying,Qualifying,2026
15,Catalunya,ESP,1,Spain,2026-06-14 15:00:00+00:00,2026-06-14 13:00:00+00:00,02:00:00,Barcelona,1287,11307,Race,Race,2026
19,Spielberg,AUT,17,Austria,2026-06-26 12:30:00+00:00,2026-06-26 11:30:00+00:00,02:00:00,Spielberg,1288,11308,Practice 1,Practice,2026
19,Spielberg,AUT,17,Austria,2026-06-26 16:00:00+00:00,2026-06-26 15:00:00+00:00,02:00:00,Spielberg,1288,11309,Practice 2,Practice,2026
19,Spielberg,AUT,17,Austria,2026-06-27 11:30:00+00:00,2026-06-27 10:30:00+00:00,02:00:00,Spielberg,1288,11310,Practice 3,Practice,2026
19,Spielberg,AUT,17,Austria,2026-06-27 15:00:00+00:00,2026-06-27 14:00:00+00:00,02:00:00,Spielberg,1288,11311,Qualifying,Qualifying,2026
19,Spielberg,AUT,17,Austria,2026-06-28 15:00:00+00:00,2026-06-28 13:00:00+00:00,02:00:00,Spielberg,1288,11315,Race,Race,2026
2,Silverstone,GBR,2,United Kingdom,2026-07-03 12:30:00+00:00,2026-07-03 11:30:00+00:00,01:00:00,Silverstone,1289,11316,Practice 1,Practice,2026
2,Silverstone,GBR,2,United Kingdom,2026-07-03 16:14:00+00:00,2026-07-03 15:30:00+00:00,01:00:00,Silverstone,1289,11317,Sprint Qualifying,Qualifying,2026
2,Silverstone,GBR,2,United Kingdom,2026-07-04 12:00:00+00:00,2026-07-04 11:00:00+00:00,01:00:00,Silverstone,1289,11321,Sprint,Race,2026
2,Silverstone,GBR,2,United Kingdom,2026-07-04 16:00:00+00:00,2026-07-04 15:00:00+00:00,01:00:00,Silverstone,1289,11322,Qualifying,Qualifying,2026
2,Silverstone,GBR,2,United Kingdom,2026-07-05 16:00:00+00:00,2026-07-05 14:00:00+00:00,01:00:00,Silverstone,1289,11326,Race,Race,2026
7,Spa-Francorchamps,BEL,16,Belgium,2026-07-17 12:30:00+00:00,2026-07-17 11:30:00+00:00,02:00:00,Spa-Francorchamps,1290,11327,Practice 1,Practice,2026
7,Spa-Francorchamps,BEL,16,Belgium,2026-07-17 16:00:00+00:00,2026-07-17 15:00:00+00:00,02:00:00,Spa-Francorchamps,1290,11328,Practice 2,Practice,2026
7,Spa-Francorchamps,BEL,16,Belgium,2026-07-18 11:30:00+00:00,2026-07-18 10:30:00+00:00,02:00:00,Spa-Francorchamps,1290,11329,Practice 3,Practice,2026
7,Spa-Francorchamps,BEL,16,Belgium,2026-07-18 15:00:00+00:00,2026-07-18 14:00:00+00:00,02:00:00,Spa-Francorchamps,1290,11330,Qualifying,Qualifying,2026
7,Spa-Francorchamps,BEL,16,Belgium,2026-07-19 15:00:00+00:00,2026-07-19 13:00:00+00:00,02:00:00,Spa-Francorchamps,1290,11334,Race,Race,2026
4,Hungaroring,HUN,14,Hungary,2026-07-24 12:30:00+00:00,2026-07-24 11:30:00+00:00,02:00:00,Budapest,1291,11335,Practice 1,Practice,2026
4,Hungaroring,HUN,14,Hungary,2026-07-24 16:00:00+00:00,2026-07-24 15:00:00+00:00,02:00:00,Budapest,1291,11336,Practice 2,Practice,2026
4,Hungaroring,HUN,14,Hungary,2026-07-25 11:30:00+00:00,2026-07-25 10:30:00+00:00,02:00:00,Budapest,1291,11337,Practice 3,Practice,2026
4,Hungaroring,HUN,14,Hungary,2026-07-25 15:00:00+00:00,2026-07-25 14:00:00+00:00,02:00:00,Budapest,1291,11338,Qualifying,Qualifying,2026
4,Hungaroring,HUN,14,Hungary,2026-07-26 15:00:00+00:00,2026-07-26 13:00:00+00:00,02:00:00,Budapest,1291,11342,Race,Race,2026
55,Zandvoort,NED,133,Netherlands,2026-08-21 11:30:00+00:00,2026-08-21 10:30:00+00:00,02:00:00,Zandvoort,1292,11343,Practice 1,Practice,2026
55,Zandvoort,NED,133,Netherlands,2026-08-21 15:14:00+00:00,2026-08-21 14:30:00+00:00,02:00:00,Zandvoort,1292,11344,Sprint Qualifying,Qualifying,2026
55,Zandvoort,NED,133,Netherlands,2026-08-22 11:00:00+00:00,2026-08-22 10:00:00+00:00,02:00:00,Zandvoort,1292,11348,Sprint,Race,2026
55,Zandvoort,NED,133,Netherlands,2026-08-22 15:00:00+00:00,2026-08-22 14:00:00+00:00,02:00:00,Zandvoort,1292,11349,Qualifying,Qualifying,2026
55,Zandvoort,NED,133,Netherlands,2026-08-23 15:00:00+00:00,2026-08-23 13:00:00+00:00,02:00:00,Zandvoort,1292,11353,Race,Race,2026
39,Monza,ITA,13,Italy,2026-09-04 11:30:00+00:00,2026-09-04 10:30:00+00:00,02:00:00,Monza,1293,11354,Practice 1,Practice,2026
39,Monza,ITA,13,Italy,2026-09-04 15:00:00+00:00,2026-09-04 14:00:00+00:00,02:00:00,Monza,1293,11355,Practice 2,Practice,2026
39,Monza,ITA,13,Italy,2026-09-05 11:30:00+00:00,2026-09-05 10:30:00+00:00,02:00:00,Monza,1293,11356,Practice 3,Practice,2026
39,Monza,ITA,13,Italy,2026-09-05 15:00:00+00:00,2026-09-05 14:00:00+00:00,02:00:00,Monza,1293,11357,Qualifying,Qualifying,2026
39,Monza,ITA,13,Italy,2026-09-06 15:00:00+00:00,2026-09-06 13:00:00+00:00,02:00:00,Monza,1293,11361,Race,Race,2026
153,Madring,ESP,1,Spain,2026-09-11 12:30:00+00:00,2026-09-11 11:30:00+00:00,02:00:00,Madrid,1294,11362,Practice 1,Practice,2026
153,Madring,ESP,1,Spain,2026-09-11 16:00:00+00:00,2026-09-11 15:00:00+00:00,02:00:00,Madrid,1294,11363,Practice 2,Practice,2026
153,Madring,ESP,1,Spain,2026-09-12 11:30:00+00:00,2026-09-12 10:30:00+00:00,02:00:00,Madrid,1294,11364,Practice 3,Practice,2026
153,Madring,ESP,1,Spain,2026-09-12 15:00:00+00:00,2026-09-12 14:00:00+00:00,02:00:00,Madrid,1294,11365,Qualifying,Qualifying,2026
153,Madring,ESP,1,Spain,2026-09-13 15:00:00+00:00,2026-09-13 13:00:00+00:00,02:00:00,Madrid,1294,11369,Race,Race,2026
144,Baku,AZE,30,Azerbaijan,2026-09-24 09:30:00+00:00,2026-09-24 08:30:00+00:00,04:00:00,Baku,1295,11370,Practice 1,Practice,2026
144,Baku,AZE,30,Azerbaijan,2026-09-24 13:00:00+00:00,2026-09-24 12:00:00+00:00,04:00:00,Baku,1295,11371,Practice 2,Practice,2026
144,Baku,AZE,30,Azerbaijan,2026-09-25 09:30:00+00:00,2026-09-25 08:30:00+00:00,04:00:00,Baku,1295,11372,Practice 3,Practice,2026
144,Baku,AZE,30,Azerbaijan,2026-09-25 13:00:00+00:00,2026-09-25 12:00:00+00:00,04:00:00,Baku,1295,11373,Qualifying,Qualifying,2026
144,Baku,AZE,30,Azerbaijan,2026-09-26 13:00:00+00:00,2026-09-26 11:00:00+00:00,04:00:00,Baku,1295,11377,Race,Race,2026
61,Singapore,SGP,157,Singapore,2026-10-09 09:30:00+00:00,2026-10-09 08:30:00+00:00,08:00:00,Marina Bay,1296,11378,Practice 1,Practice,2026
61,Singapore,SGP,157,Singapore,2026-10-09 13:14:00+00:00,2026-10-09 12:30:00+00:00,08:00:00,Marina Bay,1296,11379,Sprint Qualifying,Qualifying,2026
61,Singapore,SGP,157,Singapore,2026-10-10 10:00:00+00:00,2026-10-10 09:00:00+00:00,08:00:00,Marina Bay,1296,11383,Sprint,Race,2026
61,Singapore,SGP,157,Singapore,2026-10-10 14:00:00+00:00,2026-10-10 13:00:00+00:00,08:00:00,Marina Bay,1296,11384,Qualifying,Qualifying,2026
61,Singapore,SGP,157,Singapore,2026-10-11 14:00:00+00:00,2026-10-11 12:00:00+00:00,08:00:00,Marina Bay,1296,11388,Race,Race,2026
9,Austin,USA,19,United States,2026-10-23 18:30:00+00:00,2026-10-23 17:30:00+00:00,-05:00:00,Austin,1297,11389,Practice 1,Practice,2026
9,Austin,USA,19,United States,2026-10-23 22:00:00+00:00,2026-10-23 21:00:00+00:00,-05:00:00,Austin,1297,11390,Practice 2,Practice,2026
9,Austin,USA,19,United States,2026-10-24 18:30:00+00:00,2026-10-24 17:30:00+00:00,-05:00:00,Austin,1297,11391,Practice 3,Practice,2026
9,Austin,USA,19,United States,2026-10-24 22:00:00+00:00,2026-10-24 21:00:00+00:00,-05:00:00,Austin,1297,11392,Qualifying,Qualifying,2026
9,Austin,USA,19,United States,2026-10-25 22:00:00+00:00,2026-10-25 20:00:00+00:00,-05:00:00,Austin,1297,11396,Race,Race,2026
65,Mexico City,MEX,8,Mexico,2026-10-30 19:30:00+00:00,2026-10-30 18:30:00+00:00,-06:00:00,Mexico City,1298,11397,Practice 1,Practice,2026
65,Mexico City,MEX,8,Mexico,2026-10-30 23:00:00+00:00,2026-10-30 22:00:00+00:00,-06:00:00,Mexico City,1298,11398,Practice 2,Practice,2026
65,Mexico City,MEX,8,Mexico,2026-10-31 18:30:00+00:00,2026-10-31 17:30:00+00:00,-06:00:00,Mexico City,1298,11399,Practice 3,Practice,2026
65,Mexico City,MEX,8,Mexico,2026-10-31 22:00:00+00:00,2026-10-31 21:00:00+00:00,-06:00:00,Mexico City,1298,11400,Qualifying,Qualifying,2026
65,Mexico City,MEX,8,Mexico,2026-11-01 22:00:00+00:00,2026-11-01 20:00:00+00:00,-06:00:00,Mexico City,1298,11404,Race,Race,2026
14,Interlagos,BRA,10,Brazil,2026-11-06 16:30:00+00:00,2026-11-06 15:30:00+00:00,-03:00:00,São Paulo,1299,11405,Practice 1,Practice,2026
14,Interlagos,BRA,10,Brazil,2026-11-06 20:00:00+00:00,2026-11-06 19:00:00+00:00,-03:00:00,São Paulo,1299,11406,Practice 2,Practice,2026
14,Interlagos,BRA,10,Brazil,2026-11-07 15:30:00+00:00,2026-11-07 14:30:00+00:00,-03:00:00,São Paulo,1299,11407,Practice 3,Practice,2026
14,Interlagos,BRA,10,Brazil,2026-11-07 19:00:00+00:00,2026-11-07 18:00:00+00:00,-03:00:00,São Paulo,1299,11408,Qualifying,Qualifying,2026
14,Interlagos,BRA,10,Brazil,2026-11-08 19:00:00+00:00,2026-11-08 17:00:00+00:00,-03:00:00,São Paulo,1299,11412,Race,Race,2026
152,Las Vegas,USA,19,United States,2026-11-20 01:30:00+00:00,2026-11-20 00:30:00+00:00,-08:00:00,Las Vegas,1300,11413,Practice 1,Practice,2026
152,Las Vegas,USA,19,United States,2026-11-20 05:00:00+00:00,2026-11-20 04:00:00+00:00,-08:00:00,Las Vegas,1300,11414,Practice 2,Practice,2026
152,Las Vegas,USA,19,United States,2026-11-21 01:30:00+00:00,2026-11-21 00:30:00+00:00,-08:00:00,Las Vegas,1300,11415,Practice 3,Practice,2026
152,Las Vegas,USA,19,United States,2026-11-21 05:00:00+00:00,2026-11-21 04:00:00+00:00,-08:00:00,Las Vegas,1300,11416,Qualifying,Qualifying,2026
152,Las Vegas,USA,19,United States,2026-11-22 06:00:00+00:00,2026-11-22 04:00:00+00:00,-08:00:00,Las Vegas,1300,11420,Race,Race,2026
150,Lusail,QAT,149,Qatar,2026-11-27 14:30:00+00:00,2026-11-27 13:30:00+00:00,03:00:00,Lusail,1301,11421,Practice 1,Practice,2026
150,Lusail,QAT,149,Qatar,2026-11-27 18:00:00+00:00,2026-11-27 17:00:00+00:00,03:00:00,Lusail,1301,11422,Practice 2,Practice,2026
150,Lusail,QAT,149,Qatar,2026-11-28 15:30:00+00:00,2026-11-28 14:30:00+00:00,03:00:00,Lusail,1301,11423,Practice 3,Practice,2026
150,Lusail,QAT,149,Qatar,2026-11-28 19:00:00+00:00,2026-11-28 18:00:00+00:00,03:00:00,Lusail,1301,11424,Qualifying,Qualifying,2026
150,Lusail,QAT,149,Qatar,2026-11-29 18:00:00+00:00,2026-11-29 16:00:00+00:00,03:00:00,Lusail,1301,11428,Race,Race,2026
70,Yas Marina Circuit,UAE,21,United Arab Emirates,2026-12-04 10:30:00+00:00,2026-12-04 09:30:00+00:00,04:00:00,Yas Marina,1302,11429,Practice 1,Practice,2026
70,Yas Marina Circuit,UAE,21,United Arab Emirates,2026-12-04 14:00:00+00:00,2026-12-04 13:00:00+00:00,04:00:00,Yas Marina,1302,11430,Practice 2,Practice,2026
70,Yas Marina Circuit,UAE,21,United Arab Emirates,2026-12-05 11:30:00+00:00,2026-12-05 10:30:00+00:00,04:00:00,Yas Marina,1302,11431,Practice 3,Practice,2026
70,Yas Marina Circuit,UAE,21,United Arab Emirates,2026-12-05 15:00:00+00:00,2026-12-05 14:00:00+00:00,04:00:00,Yas Marina,1302,11432,Qualifying,Qualifying,2026
70,Yas Marina Circuit,UAE,21,United Arab Emirates,2026-12-06 15:00:00+00:00,2026-12-06 13:00:00+00:00,04:00:00,Yas Marina,1302,11436,Race,Race,2026
